,molecule_chembl_id,smiles,drug_groups,parent_smiles,chembl_tox,withdrawn
0,CHEMBL2103749,CC[C@H](C)[C@H](NC(=O)[C@H](CCC(O)=O)NC(=O)[C@H](CCC(O)=O)NC(=O)[C@H](CC1=CC=CC=C1)NC(=O)[C@H](CC(O)=O)NC(=O)CNC(=O)[C@H](CC(N)=O)NC(=O)CNC(=O)CNC(=O)CNC(=O)CNC(=O)[C@@H]1CCCN1C(=O)[C@H](CCCNC(N)=N)NC(=O)[C@@H]1CCCN1C(=O)[C@H](N)CC1=CC=CC=C1)C(=O)N1CCC[C@H]1C(=O)N[C@@H](CCC(O)=O)C(=O)N[C@@H](CCC(O)=O)C(=O)N[C@@H](CC1=CC=C(O)C=C1)C(=O)N[C@@H](CC(C)C)C(O)=O,approved; investigational,missing,Safe,0
1,CHEMBL1201199,CCNC(=O)[C@@H]1CCCN1C(=O)[C@H](CCCNC(N)=N)NC(=O)[C@H](CC(C)C)NC(=O)[C@@H](CC(C)C)NC(=O)[C@H](CC1=CC=C(O)C=C1)NC(=O)[C@H](CO)NC(=O)[C@H](CC1=CNC2=C1C=CC=C2)NC(=O)[C@H](CC1=CNC=N1)NC(=O)[C@@H]1CCC(=O)N1,approved; investigational,missing,Safe,0
2,CHEMBL1201247,CC(C)C[C@H](NC(=O)[C@@H](COC(C)(C)C)NC(=O)[C@H](CC1=CC=C(O)C=C1)NC(=O)[C@H](CO)NC(=O)[C@H](CC1=CNC2=CC=CC=C12)NC(=O)[C@H](CC1=CN=CN1)NC(=O)[C@@H]1CCC(=O)N1)C(=O)N[C@@H](CCCN=C(N)N)C(=O)N1CCC[C@H]1C(=O)NNC(N)=O,approved,missing,Safe,0
4,CHEMBL1429,NC(=O)CC[C@@H]1NC(=O)[C@H](CC2=CC=CC=C2)NC(=O)[C@H](CC2=CC=C(O)C=C2)NC(=O)CCSSC[C@H](NC(=O)[C@H](CC(N)=O)NC1=O)C(=O)N1CCC[C@H]1C(=O)N[C@H](CCCNC(N)=N)C(=O)NCC(N)=O,approved,missing,toxic_metabolism,0
5,CHEMBL1200490,CC(C)C[C@H](NC(=O)[C@@H](CCCNC(N)=O)NC(=O)[C@H](CC1=CC=C(O)C=C1)NC(=O)[C@H](CO)NC(=O)[C@@H](CC1=CN=CC=C1)NC(=O)[C@@H](CC1=CC=C(Cl)C=C1)NC(=O)[C@@H](CC1=CC2=CC=CC=C2C=C1)NC(C)=O)C(=O)N[C@@H](CCCNC(N)=N)C(=O)N1CCC[C@H]1C(=O)N[C@H](C)C(N)=O,approved; investigational,missing,Safe,0
6,missing,NCCCCC(NC(=O)C1CCCN1C(=O)C1CSSCC(N)C(=O)NC(CC2=CC=C(O)C=C2)C(=O)NC(CC2=CC=CC=C2)C(=O)NC(CCC(N)=O)C(=O)NC(CC(N)=O)C(=O)N1)C(=O)NCC(N)=O.NC1CSSCC(NC(=O)C(CC(N)=O)NC(=O)C(CCC(N)=O)NC(=O)C(CC2=CC=CC=C2)NC(=O)C(CC2=CC=C(O)C=C2)NC1=O)C(=O)N1CCCC1C(=O)NC(CCCN=C(N)N)C(=O)NCC(N)=O,approved,missing,Safe,0
7,missing,CCCCCCCCCC(=O)N[C@@H](CC1=CNC2=C1C=CC=C2)C(=O)N[C@H](CC(N)=O)C(=O)N[C@@H](CC(O)=O)C(=O)N[C@H]1[C@@H](C)OC(=O)[C@H](CC(=O)C2=CC=CC=C2N)NC(=O)[C@@H](NC(=O)[C@@H](CO)NC(=O)CNC(=O)[C@H](CC(O)=O)NC(=O)[C@@H](C)NC(=O)[C@H](CC(O)=O)NC(=O)[C@H](CCCN)NC(=O)CNC1=O)[C@H](C)CC(O)=O,approved; investigational,missing,Safe,0
8,CHEMBL160,CC[C@@H]1NC(=O)[C@H]([C@H](O)[C@H](C)C\C=C\C)N(C)C(=O)[C@H](C(C)C)N(C)C(=O)[C@H](CC(C)C)N(C)C(=O)[C@H](CC(C)C)N(C)C(=O)[C@@H](C)NC(=O)[C@H](C)NC(=O)[C@H](CC(C)C)N(C)C(=O)[C@@H](NC(=O)[C@H](CC(C)C)N(C)C(=O)CN(C)C1=O)C(C)C,approved; investigational; vet_approved,missing,toxic_carcinogenic+toxic_immune+infections+toxic_nephro+toxic_vascular,0
9,CHEMBL1680,[H][C@]1(NC(=O)[C@H](CCCCN)NC(=O)[C@@H](CC2=CNC3=C2C=CC=C3)NC(=O)[C@H](CC2=CC=CC=C2)NC(=O)[C@H](CSSC[C@H](NC1=O)C(=O)N[C@H](CO)[C@@H](C)O)NC(=O)[C@H](N)CC1=CC=CC=C1)[C@@H](C)O,approved; investigational,missing,Safe,0
10,CHEMBL1252,CC(C)C[C@H](NC(=O)[C@@H](CC(N)=O)NC(=O)[C@H](CC1=CC=C(O)C=C1)N(C)C(=O)[C@H](CO)NC(=O)[C@@H](CC1=CN=CC=C1)NC(=O)[C@@H](CC1=CC=C(Cl)C=C1)NC(=O)[C@@H](CC1=CC2=C(C=CC=C2)C=C1)NC(C)=O)C(=O)N[C@@H](CCCCNC(C)C)C(=O)N1CCC[C@H]1C(=O)N[C@H](C)C(N)=O,approved; investigational; withdrawn,missing,Safe,1
12,missing,C[C@H](CNC(=O)CC[C@]1(C)[C@@H](CC(N)=O)[C@H]2N=C1\C(C)=C1/N=C(/C=C3\N=C(\C(\C)=C4\[C@@H](CCC(N)=O)[C@](C)(CC(N)=O)[C@@]2(C)N4[Co+]C#N)[C@@](C)(CC(N)=O)[C@@H]3CCC(N)=O)C(C)(C)[C@@H]1CCC(N)=O)OP([O-])(=O)O[C@@H]1[C@@H](CO)O[C@@H]([C@@H]1O)N1C=NC2=C1C=C(C)C(C)=C2,approved; nutraceutical,missing,Safe,0
65,missing,CC1O[C@@]2(CS1)CN1CCC2CC1,approved,missing,Safe,0
80,missing,[N+]1=2[Co-3]345([N+]6=C7[C@H]([C@@](CC(=O)N)(C)[C@@]6([C@@]6(N3C(=C(C)C3=[N+]4C(C(C)(C)[C@@H]3CCC(=O)N)=CC3=[N+]5C(=C7C)[C@@](CC(=O)N)([C@@H]3CCC(=O)N)C)[C@@](C)([C@H]6CC(=O)N)CCC(NC[C@@H](C)OP(=O)(O[C@@H]3[C@H](O[C@H](N(C4=CC(=C(C=C14)C)C)C=2)[C@@H]3O)CO)[O-])=O)[H])C)CCC(=O)N)O[H],approved,missing,Safe,0
102,missing,[H][C@@]12C[C@H](C)[C@](O)(C(=O)CO)[C@@]1(C)C[C@H](O)[C@@]1(F)[C@@]2([H])C[C@H](F)C2=CC(=O)C=C[C@]12C,approved,missing,Safe,0
104,missing,[Gd+3].CNC(=O)CN(CCN(CCN(CC([O-])=O)CC(=O)NC)CC([O-])=O)CC([O-])=O,approved; investigational,missing,Safe,0
161,missing,[H]C(=O)[C@H](O)[C@@H](O)[C@]([H])(O[C@@]1([H])O[C@H](CO)[C@@]([H])(O[C@H]2O[C@H](C)[C@@H](N[C@@]3([H])C=C(CO)[C@@H](O)[C@H](O)[C@H]3O)[C@H](O)[C@H]2O)[C@H](O)[C@H]1O)[C@H](O)CO,approved; investigational,missing,Safe,0
167,missing,[H][C@](C)(NC(=O)[C@@]([H])(NC(=O)C1=NC(=NC(N)=C1C)[C@H](CC(N)=O)NC[C@H](N)C(N)=O)[C@@]([H])(OC1OC(CO)C(O)C(O)C1OC1OC(CO)C(O)C(OC(N)=O)C1O)C1=CNC=N1)[C@@H](O)[C@H](C)C(=O)N[C@]([H])(C(=O)NCCC1=NC(=CS1)C1=NC(=CS1)C(=O)NCCC[S+](C)C)[C@@]([H])(C)O,approved; investigational,missing,Safe,0
190,missing,[H][C@@]1(CCN=C(N)N1)[C@]1([H])NC(=O)\C(NC(=O)[C@H](CNC(=O)C[C@@H](N)CCCN)NC(=O)[C@H](C)NC(=O)[C@@H](N)CNC1=O)=C/NC(N)=O.[H][C@@]1(CCN=C(N)N1)[C@]1([H])NC(=O)\C(NC(=O)[C@H](CNC(=O)C[C@@H](N)CCCN)NC(=O)[C@H](CO)NC(=O)[C@@H](N)CNC1=O)=C/NC(N)=O,approved,missing,Safe,0
201,missing,O=N[Fe--](C#N)(C#N)(C#N)(C#N)C#N,approved; investigational,missing,Safe,0
239,missing,O.O[Al](O)O.O[Al](O)OS(=O)(=O)OC[C@H]1O[C@@](COS(=O)(=O)O[Al](O)O)(O[C@H]2O[C@H](COS(=O)(=O)O[Al](O)O)[C@@H](OS(=O)(=O)O[Al](O)O)[C@H](OS(=O)(=O)O[Al](O)O)[C@H]2OS(=O)(=O)O[Al](O)O)[C@@H](OS(=O)(=O)O[Al](O)O)[C@@H]1OS(=O)(=O)O[Al](O)O,approved,missing,Safe,0
277,CHEMBL1201355,[H][C@](NC(=O)[C@H](CC1=CC=C(OS(O)(=O)=O)C=C1)NC(=O)[C@H](CC(O)=O)NC(=O)[C@H](CCC(N)=O)NC(=O)[C@@H]1CCC(=O)N1)([C@@H](C)O)C(=O)NCC(=O)N[C@@H](CC1=CNC2=CC=CC=C12)C(=O)N[C@@H](CCSC)C(=O)N[C@@H](CC(O)=O)C(=O)N[C@@H](CC1=CC=CC=C1)C(N)=O,approved,missing,Safe,0
290,CHEMBL1739,[I-].[I-].[H][C@@]12CC3=CC=C(OC4=C5C(CC[N+](C)(C)[C@]5([H])CC5=CC(OC6=C(OC)C=C(CC[N+]1(C)C)C2=C6)=C(OC)C=C5)=CC(OC)=C4OC)C=C3,approved; withdrawn,missing,Safe,1
303,CHEMBL1237105,NC(CO)(CO)CO.CCCCC[C@](C)(O)\C=C\[C@H]1[C@H](O)C[C@H](O)[C@@H]1C\C=C/CCCC(O)=O,approved,missing,Safe,0
335,CHEMBL1354199,[Br-].[H][C@@]12O[C@]1([H])[C@H]1C[C@H](C[C@@H]2[N+]1(C)C)OC(=O)[C@H](CO)C1=CC=CC=C1,approved,missing,Safe,0
336,CHEMBL1200354,[Na+].CCCCC(CC)CCC(CC(C)C)OS([O-])(=O)=O,approved; investigational,missing,Safe,0
354,CHEMBL1200993,[I-].[I-].[I-].CC[N+](CC)(CC)CCOC1=CC=CC(OCC[N+](CC)(CC)CC)=C1OCC[N+](CC)(CC)CC,approved,missing,Safe,0
363,missing,CCC(=O)O[C@@H](OP(=O)(CCCCC1=CC=CC=C1)CC(=O)N1C[C@@H](C[C@H]1C(O)=O)C1CCCCC1)C(C)C,approved,missing,Safe,0
383,missing,[H][N]([H])([H])[Pt](Cl)(Cl)[N]([H])([H])[H],approved,missing,Safe,0
385,missing,[Br-].CCCC(CCC)C(=O)O[C@H]1CC2CCC(C1)[N+]2(C)C,approved,missing,Safe,0
388,missing,[H][C@@]12C[C@@H](O)CN1C(=O)[C@@H](NC(=O)[C@]([H])(C[C@@H](O)[C@@H](NCCN)NC(=O)[C@@H]1[C@@H](O)CCN1C(=O)[C@@H](NC(=O)[C@@H](NC2=O)[C@H](O)[C@@H](O)C1=CC=C(O)C=C1)[C@H](O)CCN)NC(=O)CCCCCCCC[C@@H](C)C[C@@H](C)CC)[C@@H](C)O,approved,missing,Safe,0
393,missing,[H][N]1([H])[C@@H]2CCCC[C@H]2[N]([H])([H])[Pt]11OC(=O)C(=O)O1,approved; investigational,missing,Safe,0
401,missing,COC(CNC(N)=O)C[Hg]Cl,approved; withdrawn,missing,Safe,1
405,missing,[Gd+3].COCCNC(=O)CN(CCN(CCN(CC([O-])=O)CC(=O)NCCOC)CC([O-])=O)CC([O-])=O,approved; investigational,missing,Safe,0
435,CHEMBL1201202,CO[C@H]1O[C@H](COS(O)(=O)=O)[C@@H](O[C@@H]2O[C@H]([C@@H](O[C@H]3O[C@H](COS(O)(=O)=O)[C@@H](O[C@@H]4O[C@@H]([C@@H](O[C@H]5O[C@H](COS(O)(=O)=O)[C@@H](O)[C@H](O)[C@H]5NS(O)(=O)=O)[C@H](O)[C@H]4O)C(O)=O)[C@H](OS(O)(=O)=O)[C@H]3NS(O)(=O)=O)[C@H](O)[C@H]2OS(O)(=O)=O)C(O)=O)[C@H](O)[C@H]1NS(O)(=O)=O,approved; investigational,missing,toxic_vascular,0
462,missing,[Gd+3].CC(O)CN1CCN(CC([O-])=O)CCN(CC([O-])=O)CCN(CC([O-])=O)CC1,approved; investigational,missing,Safe,0
467,missing,CO[C@H]1C[C@@H](O[C@@H](C)[C@@H]1O)O[C@H]1[C@H](C)O[C@H](C[C@@H]1OC)O[C@H]1[C@@H](C)\C=C\C=C2/CO[C@@H]3[C@H](O)C(C)=C[C@@H](C(=O)O[C@H]4C[C@@H](C\C=C1/C)O[C@@]1(CC[C@H](C)[C@@H](C(C)C)O1)C4)[C@]23O.CC[C@@H](C)[C@H]1O[C@@]2(CC[C@@H]1C)O[C@@H]1C\C=C(C)\[C@@H](O[C@@H]3O[C@@H](C)[C@H](O[C@@H]4O[C@@H](C)[C@H](O)[C@@H](OC)C4)[C@@H](OC)C3)[C@@H](C)\C=C\C=C3/CO[C@@H]4[C@H](O)C(C)=C[C@@H](C(=O)O[C@@H](C1)C2)[C@]34O,approved; investigational; vet_approved,missing,Safe,0
489,CHEMBL1200558,CC[C@H](C)[C@H](N)C1=N[C@@H](CS1)C(=O)N[C@@H](CC(C)C)C(=O)N[C@H](CCC(O)=O)C(=O)N[C@@H]([C@@H](C)CC)C(=O)N[C@H]1CCCCNC(=O)[C@H](CC(N)=O)NC(=O)[C@@H](CC(O)=O)NC(=O)[C@H](CC2=CNC=N2)NC(=O)[C@@H](CC2=CC=CC=C2)NC(=O)[C@@H](NC(=O)[C@@H](CCCN)NC1=O)[C@@H](C)CC,approved; vet_approved,missing,toxic_nephro,0
501,missing,OC[C@H]1O[C@@](CO)(OC[C@@]2(OC[C@@]3(OC[C@@]4(OC[C@@]5(OC[C@@]6(OC[C@@]7(OC[C@@]8(OC[C@@]9(OC[C@@]%10(OC[C@@]%11(OC[C@@]%12(OC[C@@]%13(OC[C@@]%14(OC[C@@]%15(OC[C@@]%16(OC[C@@]%17(OC[C@@]%18(OC[C@@]%19(OC[C@@]%20(OC[C@@]%21(OC[C@@]%22(OC[C@@]%23(OC[C@@]%24(OC[C@@]%25(OC[C@@]%26(OC[C@@]%27(OC[C@@]%28(OC[C@@]%29(OC[C@@]%30(OC[C@@]%31(OC[C@@]%32(OC[C@@]%33(OC[C@@]%34(OC[C@@]%35(OC[C@@]%36(OC[C@@]%37(O[C@H]%38O[C@H](CO)[C@@H](O)[C@H](O)[C@H]%38O)O[C@H](CO)[C@@H](O)[C@@H]%37O)O[C@H](CO)[C@@H](O)[C@@H]%36O)O[C@H](CO)[C@@H](O)[C@@H]%35O)O[C@H](CO)[C@@H](O)[C@@H]%34O)O[C@H](CO)[C@@H](O)[C@@H]%33O)O[C@H](CO)[C@@H](O)[C@@H]%32O)O[C@H](CO)[C@@H](O)[C@@H]%31O)O[C@H](CO)[C@@H](O)[C@@H]%30O)O[C@H](CO)[C@@H](O)[C@@H]%29O)O[C@H](CO)[C@@H](O)[C@@H]%28O)O[C@H](CO)[C@@H](O)[C@@H]%27O)O[C@H](CO)[C@@H](O)[C@@H]%26O)O[C@H](CO)[C@@H](O)[C@@H]%25O)O[C@H](CO)[C@@H](O)[C@@H]%24O)O[C@H](CO)[C@@H](O)[C@@H]%23O)O[C@H](CO)[C@@H](O)[C@@H]%22O)O[C@H](CO)[C@@H](O)[C@@H]%21O)O[C@H](CO)[C@@H](O)[C@@H]%20O)O[C@H](CO)[C@@H](O)[C@@H]%19O)O[C@H](CO)[C@@H](O)[C@@H]%18O)O[C@H](CO)[C@@H](O)[C@@H]%17O)O[C@H](CO)[C@@H](O)[C@@H]%16O)O[C@H](CO)[C@@H](O)[C@@H]%15O)O[C@H](CO)[C@@H](O)[C@@H]%14O)O[C@H](CO)[C@@H](O)[C@@H]%13O)O[C@H](CO)[C@@H](O)[C@@H]%12O)O[C@H](CO)[C@@H](O)[C@@H]%11O)O[C@H](CO)[C@@H](O)[C@@H]%10O)O[C@H](CO)[C@@H](O)[C@@H]9O)O[C@H](CO)[C@@H](O)[C@@H]8O)O[C@H](CO)[C@@H](O)[C@@H]7O)O[C@H](CO)[C@@H](O)[C@@H]6O)O[C@H](CO)[C@@H](O)[C@@H]5O)O[C@H](CO)[C@@H](O)[C@@H]4O)O[C@H](CO)[C@@H](O)[C@@H]3O)O[C@H](CO)[C@@H](O)[C@@H]2O)[C@@H](O)[C@@H]1O,approved; investigational; nutraceutical,missing,Safe,0
509,missing,C[C@H]1O[C@H](OC2CC3O[C@@](O)(CC(O)C3C(O)=O)CC(O)C(O)CCC(O)CC(O)CC(O)CC(=O)O[C@@H](C)[C@H](C)[C@H](O)[C@@H](C)\C=C\C=C\CC\C=C\C=C\C=C\C=C\2)[C@@H](O)[C@@H](N)[C@@H]1O,approved; vet_approved,missing,Safe,0
516,CHEMBL2021423,[Mg++].[O-]S([O-])(=O)=O,approved; investigational; vet_approved,missing,Safe,0
529,missing,CC(C)C[C@H](NC(=O)[C@@H](CC1=CC2=C(C=CC=C2)C=C1)NC(=O)[C@H](CC1=CC=C(O)C=C1)NC(=O)[C@H](CO)NC(=O)[C@H](CC1=CNC2=CC=CC=C12)NC(=O)[C@H](CC1=CNC=N1)NC(=O)[C@@H]1CCC(=O)N1)C(=O)N[C@@H](CCCNC(N)=N)C(=O)N1CCC[C@H]1C(=O)NCC(N)=O,approved,missing,Safe,0
587,missing,[Br-].C[N+]1(C)C2CCC1CC(C2)OC(=O)C(O)C1=CC=CC=C1,approved,missing,Safe,0
593,CHEMBL1200527,[O-]S(=O)(=O)C1=CC=CC=C1.[O-]S(=O)(=O)C1=CC=CC=C1.COC1=CC2=C(C=C1OC)C(CC1=CC(OC)=C(OC)C=C1)[N+](C)(CCC(=O)OCCCCCOC(=O)CC[N+]1(C)CCC3=C(C=C(OC)C(OC)=C3)C1CC1=CC(OC)=C(OC)C=C1)CC2,approved,missing,Safe,0
604,missing,[Gd+3].OC(=O)CN(CCN(CCN(CC([O-])=O)CC([O-])=O)CC([O-])=O)C(COCC1=CC=CC=C1)C(O)=O,approved; investigational,missing,Safe,0
622,CHEMBL1200731,[Cl-].[K+],approved; withdrawn,missing,Safe,1
630,missing,C[N@@+]12CC[C@@H](CC1)C(C2)OC(=O)C(O)(C1=CC=CC=C1)C1=CC=CC=C1,approved,missing,Safe,0
646,missing,[Gd+3].OC(=O)CN(CCN(CCN(CC(O)=O)CC([O-])=O)CC([O-])=O)CC([O-])=O,approved,missing,Safe,0
660,missing,CCC(C)CCCC(=O)N[C@@H](CCN)C(=O)N[C@@H]([C@@H](C)O)C(=O)N[C@@H](CCN)C(=O)N[C@H]1CCNC(=O)C(NC(=O)[C@@H](CCN)NC(=O)[C@H](CCN)NC(=O)[C@@H](CC(C)C)NC(=O)[C@@H](CC(C)C)NC(=O)[C@H](CCN)NC1=O)[C@@H](C)O,approved,missing,Safe,0
693,missing,[H][C@@]12C[C@@H](C)[C@H](C(=O)CO)[C@@]1(C)C[C@H](O)[C@@]1(Cl)[C@@]2([H])C[C@H](F)C2=CC(=O)C=C[C@]12C,approved,missing,Safe,0
807,missing,[H][N]([H])([H])[Pt]1(OC(=O)C2(CCC2)C(=O)O1)[N]([H])([H])[H],approved,missing,Safe,0
819,CHEMBL1554,[H][C@@]12CCCN1C(=O)[C@H](NC(=O)[C@@H](NC(=O)C1=C3N=C4C(OC3=C(C)C=C1)=C(C)C(=O)C(N)=C4C(=O)N[C@H]1[C@@H](C)OC(=O)[C@H](C(C)C)N(C)C(=O)CN(C)C(=O)[C@]3([H])CCCN3C(=O)[C@H](NC1=O)C(C)C)[C@@H](C)OC(=O)[C@H](C(C)C)N(C)C(=O)CN(C)C2=O)C(C)C,approved; investigational,missing,toxic_carcinogenic+toxic_teratogen,0
820,CHEMBL1200680,S=[Se]=S,approved,missing,Safe,0
844,missing,CCP(CC)(CC)=[Au]S[C@@H]1O[C@H](COC(C)=O)[C@@H](OC(C)=O)[C@H](OC(C)=O)[C@H]1OC(C)=O,approved; investigational,missing,Safe,0
951,missing,CCC(C)CCCCC(=O)NC(CCNCS([O-])(=O)=O)C(=O)NC(C(C)O)C(=O)NC(CCNCS([O-])(=O)=O)C(=O)NC1CCNC(=O)C(NC(=O)C(CCNCS([O-])(=O)=O)NC(=O)C(CCNCS([O-])(=O)=O)NC(=O)C(CC(C)C)NC(=O)C(CC(C)C)NC(=O)C(CCNCS([O-])(=O)=O)NC1=O)C(C)O,approved; vet_approved,missing,Safe,0
960,missing,[H][C@@]12CCC[C@]1([H])CN(C2)NC(=O)NS(=O)(=O)C1=CC=C(C)C=C1,approved,missing,Safe,0
999,CHEMBL1200896,NC(CO)(CO)CO.CCCCC[C@H](O)\C=C\[C@H]1[C@H](O)C[C@H](O)[C@@H]1C\C=C/CCCC(O)=O,approved; vet_approved,missing,Safe,0
1002,CHEMBL1200668,[Cl-].[Cl-].[Ca++],approved,missing,Safe,0
1025,missing,CCOC(=O)CCCCCCCCC(C)C1=CC=CC=C1I,approved,missing,Safe,0
1060,CHEMBL1370561,NCCN.CN1C2=C(NC=N2)C(=O)N(C)C1=O.CN1C2=C(NC=N2)C(=O)N(C)C1=O,approved,missing,Safe,0
1086,CHEMBL1200507,CC(=O)N(CC(O)CN(C(C)=O)C1=C(I)C(C(=O)NCC(O)CO)=C(I)C(C(=O)NCC(O)CO)=C1I)C1=C(I)C(C(=O)NCC(O)CO)=C(I)C(C(=O)NCC(O)CO)=C1I,approved,missing,Safe,0
1106,CHEMBL2103758,[H]N[C@@H](CCCCN)C(=O)N[C@H]1CSSC[C@H](NC(=O)[C@@]([H])(NC(=O)[C@H](C)NC(=O)[C@@]([H])(NC(=O)[C@H](CC(N)=O)NC1=O)[C@@H](C)O)[C@@H](C)O)C(=O)N[C@@H](C)C(=O)N[C@@]([H])([C@@H](C)O)C(=O)N[C@@H](CCC(N)=O)C(=O)N[C@@H](CCCNC(N)=N)C(=O)N[C@@H](CC(C)C)C(=O)N[C@@H](C)C(=O)N[C@@H](CC(N)=O)C(=O)N[C@@H](CC1=CC=CC=C1)C(=O)N[C@@H](CC(C)C)C(=O)N[C@@H](C(C)C)C(=O)N[C@@H](CC1=CN=CN1)C(=O)N[C@@H](CO)C(=O)N[C@@H](CO)C(=O)N[C@@H](CC(N)=O)C(=O)N[C@@H](CC(N)=O)C(=O)N[C@@H](CC1=CC=CC=C1)C(=O)NCC(=O)N1CCC[C@H]1C(=O)N[C@@]([H])([C@@H](C)CC)C(=O)N[C@@H](CC(C)C)C(=O)N1CCC[C@H]1C(=O)N1CCC[C@H]1C(=O)N[C@@]([H])([C@@H](C)O)C(=O)N[C@@H](CC(N)=O)C(=O)N[C@@H](C(C)C)C(=O)NCC(=O)N[C@@H](CO)C(=O)N[C@@H](CC(N)=O)C(=O)N[C@@]([H])([C@@H](C)O)C(=O)N[C@@H](CC1=CC=C(O)C=C1)C(N)=O,approved; investigational,missing,Safe,0
1108,CHEMBL3301668,[H][C@]1(NC(=O)[C@H](CC2=CC=C(OC)C=C2)NC(=O)CCCSC[C@H](NC(=O)[C@H](CC(N)=O)NC(=O)[C@H](CCC(N)=O)NC1=O)C(=O)N1CCC[C@H]1C(=O)N[C@@H](CC(C)C)C(=O)NCC(N)=O)[C@@H](C)CC,approved; investigational,missing,Safe,0
1110,CHEMBL2103784,CSCC[C@H](NC(=O)[C@H](CO)NC(=O)[C@H](CC1=CC=C(O)C=C1)NC(=O)[C@@H](N)CO)C(=O)N[C@@H](CCC(O)=O)C(=O)N[C@@H](CC1=CN=CN1)C(=O)N[C@@H](CC1=CC=CC=C1)C(=O)N[C@@H](CCCNC(N)=N)C(=O)N[C@@H](CC1=CNC2=C1C=CC=C2)C(=O)NCC(=O)N[C@@H](CCCCN)C(=O)N1CCC[C@H]1C(=O)N[C@@H](C(C)C)C(=O)NCC(=O)N[C@@H](CCCCN)C(=O)N[C@@H](CCCCN)C(=O)N[C@@H](CCCNC(N)=N)C(=O)N[C@@H](CCCNC(N)=N)C(=O)N1CCC[C@H]1C(=O)N[C@@H](C(C)C)C(=O)N[C@@H](CCCCN)C(=O)N[C@@H](C(C)C)C(=O)N[C@@H](CC1=CC=C(O)C=C1)C(=O)N1CCC[C@H]1C(O)=O,approved,missing,Safe,0
1113,missing,O[Bi]1OC(=O)C2=CC=CC=C2O1,approved; vet_approved,missing,Safe,0
1119,CHEMBL1200434,C[N+](C)(C)CCO.CN1C2=C([N-]C=N2)C(=O)N(C)C1=O,approved,missing,Safe,0
1122,missing,COC1=CC(=O)OC(C1)\C=C\C1=CCCC=C1,approved; investigational; nutraceutical,missing,Safe,0
1140,missing,[K+],approved; investigational,missing,Safe,0
1141,missing,CCC1(C(=O)NC(=O)NC1=O)C1=CC=CC=C1.COC1=CC2=C(C=CN=C2C=C1)C(O)C1CC2CCN1CC2C=C,approved,missing,Safe,0
1153,missing,[Al],approved; investigational,missing,Safe,0
1154,missing,[O--].[Mg++],approved,missing,Safe,0
1155,missing,[Mg++],approved; nutraceutical,missing,Safe,0
1166,missing,[Mg++].C[N+](C)(C)CCO.OC1=CC=CC=C1C([O-])=O.OC1=CC=CC=C1C([O-])=O.OC1=CC=CC=C1C([O-])=O,approved,missing,Safe,0
1199,missing,[O--].[O--].[O--].[O--].[O--].[O--].[O--].[O--].[O--].[O--].[Mg++].[Al+3].[Si+4].[Si+4].[Si+4].[Si+4].[O-][H].[H]O[H].[H]O[H].[H]O[H].[H]O[H],approved; vet_approved,missing,Safe,0
1200,missing,O.O.[Al+3].[Al+3].[O-][Si]([O-])([O-])O[Si]([O-])([O-])[O-],approved,missing,Safe,0
1207,missing,[Na+].[Na+].N[C@@H](CC1=CC(I)=C(OC2=CC(I)=C(O)C=C2)C(I)=C1)C([O-])=O.N[C@@H](CC1=CC(I)=C(OC2=CC(I)=C(O)C(I)=C2)C(I)=C1)C([O-])=O,approved,missing,Safe,0
1214,missing,[Fe],approved,missing,Safe,0
1245,missing,O[C@H]1[C@@H](O)[C@@H](OP(O)(=O)OP(O)(O)=O)O[C@@H]1COP(O)(O)=O,approved; experimental; investigational,missing,Safe,0
1265,CHEMBL2135460,NCCCC[C@H](NC(=O)[C@@H]1CCCN1C(=O)[C@@H]1CSSC[C@H](NC(=O)CNC(=O)CNC(=O)CN)C(=O)N[C@@H](CC2=CC=C(O)C=C2)C(=O)N[C@@H](CC2=CC=CC=C2)C(=O)N[C@@H](CCC(N)=O)C(=O)N[C@@H](CC(N)=O)C(=O)N1)C(=O)NCC(N)=O,approved; investigational,missing,Safe,0
1288,missing,C1(CC[C@@]2([C@@H](CC(N)=O)[C@@]3([C@@]4([N+]5=C([C@H]([C@@]4(CC(N)=O)C)CCC(N)=O)C(C)=C4[N+]6=C(C=C7[N+]8=C([C@H](C7(C)C)CCC(N)=O)C(C)=C2N3[Co-3]568([N+]2=CN([C@H]3O[C@@H]([C@@H](OP(O[C@@H](CN1)C)([O-])=O)[C@H]3O)CO)C1=CC(C)=C(C=C21)C)C)[C@H]([C@@]4(CC(N)=O)C)CCC(N)=O)C)[H])C)=O,approved; investigational,missing,Safe,0
1303,missing,OC[C@@H]1O[C@@](O)(CO)[C@H](O)[C@H]1O,approved; experimental,missing,Safe,0
1311,missing,OC[C@H]1O[C@@H](O[C@H]2[C@H](O)[C@@H](O)C(O)O[C@@H]2CO)[C@H](O)[C@@H](O)[C@H]1O,approved; experimental; investigational,missing,Safe,0
1359,missing,OC(=O)CCCN1CCC(CC1)OC(C1=CC=C(Cl)C=C1)C1=CC=CC=N1,approved,missing,Safe,0
1363,CHEMBL1688530,CN[C@H](CC(C)C)C(=O)N[C@@H]1[C@H](O)C2=CC=C(OC3=C(O[C@@H]4O[C@H](CO)[C@@H](O)[C@H](O)[C@H]4O[C@H]4C[C@](C)(NCC5=CC=C(C=C5)C5=CC=C(Cl)C=C5)[C@@H](O)[C@H](C)O4)C4=CC(=C3)[C@@H](NC(=O)[C@H](CC(N)=O)NC1=O)C(=O)N[C@@H]1C3=CC(=C(O)C=C3)C3=C(O)C=C(O)C=C3[C@H](NC(=O)[C@@H](NC1=O)[C@H](O[C@H]1C[C@](C)(N)[C@@H](O)[C@H](C)O1)C1=CC(Cl)=C(O4)C=C1)C(O)=O)C(Cl)=C2,approved; investigational,missing,Safe,0
1367,CHEMBL441738,CCCC[C@H](NC(=O)[C@H](CO)NC(=O)[C@H](CC1=CC=C(O)C=C1)NC(=O)[C@H](CO)NC(C)=O)C(=O)N[C@@H](CCC(O)=O)C(=O)N[C@@H](CC1=CN=CN1)C(=O)N[C@H](CC1=CC=CC=C1)C(=O)N[C@@H](CCCNC(N)=N)C(=O)N[C@@H](CC1=CNC2=CC=CC=C12)C(=O)NCC(=O)N[C@@H](CCCCN)C(=O)N1CCC[C@H]1C(=O)N[C@@H](C(C)C)C(N)=O,approved; investigational,missing,Safe,0
1374,missing,[H][C@@]12C[C@@H](C)[C@]34C=C(C)[C@H](OC(=O)C(\C)=C/C)[C@@]3(O)[C@H](O)C(CO)=C[C@@]([H])(C4=O)[C@]1([H])C2(C)C,approved,missing,Safe,0
1384,CHEMBL1382627,[Ag+].NC1=CC=C(C=C1)S(=O)(=O)[N-]C1=NC=CC=N1,approved; vet_approved,missing,Safe,0
1386,missing,[Ga+3].[O-][N+]([O-])=O.[O-][N+]([O-])=O.[O-][N+]([O-])=O,approved; investigational,missing,Safe,0
1388,missing,[153Sm+3].OP(O)(=O)CN(CCN(CP(O)([O-])=O)CP(O)([O-])=O)CP(O)([O-])=O,approved; investigational,missing,Safe,0
1395,CHEMBL231813,[H][C@@]12CCC[C@]1([H])[C@H](N(C2)C(=O)[C@@H](NC(=O)[C@@H](NC(=O)C1=NC=CN=C1)C1CCCCC1)C(C)(C)C)C(=O)N[C@@H](CCC)C(=O)C(=O)NC1CC1,approved; withdrawn,missing,Safe,1
1396,missing,COCCO[C@@H]1[C@H](O)[C@@H](COP(S)(=O)O[C@@H]2[C@@H](COP(S)(=O)O[C@@H]3[C@@H](COP(S)(=O)O[C@@H]4[C@@H](COP(S)(=O)O[C@@H]5[C@@H](COP(S)(=O)O[C@H]6C[C@@H](O[C@@H]6COP(S)(=O)O[C@H]6C[C@@H](O[C@@H]6COP(S)(=O)O[C@H]6C[C@@H](O[C@@H]6COP(S)(=O)O[C@H]6C[C@@H](O[C@@H]6COP(S)(=O)O[C@H]6C[C@@H](O[C@@H]6COP(S)(=O)O[C@H]6C[C@@H](O[C@@H]6COP(S)(=O)O[C@H]6C[C@@H](O[C@@H]6COP(S)(=O)O[C@H]6C[C@@H](O[C@@H]6COP(S)(=O)O[C@H]6C[C@@H](O[C@@H]6COP(S)(=O)O[C@H]6C[C@@H](O[C@@H]6COP(S)(=O)O[C@@H]6[C@@H](COP(S)(=O)O[C@@H]7[C@@H](COP(S)(=O)O[C@@H]8[C@@H](COP(S)(=O)O[C@@H]9[C@@H](COP(S)(=O)O[C@@H]%10[C@@H](CO)O[C@H]([C@@H]%10OCCOC)N%10C=NC%11=C%10N=C(N)NC%11=O)O[C@H]([C@@H]9OCCOC)N9C=C(C)C(N)=NC9=O)O[C@H]([C@@H]8OCCOC)N8C=C(C)C(N)=NC8=O)O[C@H]([C@@H]7OCCOC)N7C=C(C)C(=O)NC7=O)O[C@H]([C@@H]6OCCOC)N6C=C(C)C(N)=NC6=O)N6C=NC7=C6N=CN=C7N)N6C=NC7=C6N=C(N)NC7=O)N6C=C(C)C(=O)NC6=O)N6C=C(C)C(N)=NC6=O)N6C=C(C)C(=O)NC6=O)N6C=NC7=C6N=C(N)NC7=O)N6C=C(C)C(N)=NC6=O)N6C=C(C)C(=O)NC6=O)N6C=C(C)C(=O)NC6=O)N6C=C(C)C(N)=NC6=O)O[C@H]([C@@H]5OCCOC)N5C=NC6=C5N=C(N)NC6=O)O[C@H]([C@@H]4OCCOC)N4C=C(C)C(N)=NC4=O)O[C@H]([C@@H]3OCCOC)N3C=NC4=C3N=CN=C4N)O[C@H]([C@@H]2OCCOC)N2C=C(C)C(N)=NC2=O)O[C@H]1N1C=C(C)C(N)=NC1=O,approved; investigational,missing,Safe,0
1398,missing,O.O.O.O.O.O.O.O.O.[Na+].[Na+].[Na+].[H][C@@]1(O[Sb]2(O)(O[Sb]34([O-])O[C@@H](C([O-])=O)[C@@]([H])(O3)[C@]([H])(O4)[C@H](O)CO)O[C@@H](C([O-])=O)[C@@]1([H])O2)[C@H](O)CO,approved; investigational,missing,Safe,0
1407,missing,CO[C@H]1[C@H](O)CC(=O)O[C@H](C)C\C=C\C=C\[C@H](O[C@H]2CC[C@@H]([C@H](C)O2)N(C)C)[C@H](C)C[C@H](CC=O)[C@@H]1O[C@@H]1O[C@H](C)[C@@H](O[C@H]2C[C@@](C)(O)[C@@H](O)[C@H](C)O2)[C@@H]([C@H]1O)N(C)C,approved,missing,Safe,0
1418,CHEMBL343448,C\C=C1/NC(=O)[C@H]2CSSCC\C=C\[C@H](CC(=O)N[C@H](C(C)C)C(=O)N2)OC(=O)[C@@H](NC1=O)C(C)C,approved; investigational,missing,Safe,0
1420,CHEMBL2028850,[H][C@]12C[C@]([H])(N(C(=O)[C@@]3([H])CC4=C(CN3C(=O)[C@H](CO)NC(=O)[C@H](CC3=CC=CS3)NC(=O)CNC(=O)[C@]3([H])C[C@@H](O)CN3C(=O)[C@@H]3CCCN3C(=O)[C@H](CCCNC(N)=N)NC(=O)[C@H](N)CCCNC(N)=N)C=CC=C4)[C@@]1([H])CCCC2)C(=O)N[C@@H](CCCNC(N)=N)C(O)=O,approved; investigational,missing,Safe,0
1425,missing,O[C@@H]1[C@@H](O)[C@@H]2O[C@H]3O[C@H](CSCCC(O)=O)[C@@H](O[C@H]4O[C@H](CSCCC(O)=O)[C@@H](O[C@H]5O[C@H](CSCCC(O)=O)[C@@H](O[C@H]6O[C@H](CSCCC(O)=O)[C@@H](O[C@H]7O[C@H](CSCCC(O)=O)[C@@H](O[C@H]8O[C@H](CSCCC(O)=O)[C@@H](O[C@H]9O[C@H](CSCCC(O)=O)[C@@H](O[C@H]1O[C@@H]2CSCCC(O)=O)[C@H](O)[C@H]9O)[C@H](O)[C@H]8O)[C@H](O)[C@H]7O)[C@H](O)[C@H]6O)[C@H](O)[C@H]5O)[C@H](O)[C@H]4O)[C@H](O)[C@H]3O,approved,missing,Safe,0
1432,missing,[O--].[O--].[O--].[O--].[Fe++].[Fe+3].[Fe+3],approved; investigational,missing,Safe,0
1433,CHEMBL3544974,OC(=O)\C=C/C(O)=O.CN1CC2C(C1)C1=C(OC3=CC=CC=C23)C=CC(Cl)=C1,approved,missing,Safe,0
1488,CHEMBL415606,CC(C)C[C@H](NC(=O)[C@@H](CC1=CC=C(NC(N)=O)C=C1)NC(=O)[C@H](CC1=CC=C(NC(=O)[C@@H]2CC(=O)NC(=O)N2)C=C1)NC(=O)[C@H](CO)NC(=O)[C@@H](CC1=CC=CN=C1)NC(=O)[C@@H](CC1=CC=C(Cl)C=C1)NC(=O)[C@@H](CC1=CC=C2C=CC=CC2=C1)NC(C)=O)C(=O)N[C@@H](CCCCNC(C)C)C(=O)N1CCC[C@H]1C(=O)N[C@H](C)C(N)=O,approved,missing,Safe,0
1492,missing,OC[C@H](O)[C@H](CO)[N+]12CC[N+]3(CC([O-])=O)CC[N+]4(CC([O-])=O)CC[N+](CC([O-])=O)(CC1)[Gd-]234,approved,missing,Safe,0
1494,missing,[Na+].[Na+].[Na+].[Gd+3].[O-]C(=O)CN(CCN(CC([O-])=O)CC([O-])=O)CC(COP([O-])(=O)OC1CCC(CC1)(C1=CC=CC=C1)C1=CC=CC=C1)N(CC([O-])=O)CC([O-])=O,approved,missing,Safe,0
1502,missing,[H][C@@]12CC[C@@](O)(C#C)[C@@]1(CC)CC[C@]1([H])[C@@]3([H])CCC(C=C3CC[C@@]21[H])=NO,approved; investigational,missing,Safe,0
1504,CHEMBL1141,[K+].[I-],approved,missing,Safe,0
1508,CHEMBL1200706,[OH-].[OH-].[OH-].[Al+3],approved; investigational,missing,Safe,0
1519,missing,[Mn++],approved; nutraceutical,missing,Safe,0
1533,missing,[Cu++].[O-]S([O-])(=O)=O,approved,missing,Safe,0
1538,missing,[Fe+3].[Fe+3].[Fe+3].[Fe+3].N#C[Fe-4](C#N)(C#N)(C#N)(C#N)C#N.N#C[Fe-4](C#N)(C#N)(C#N)(C#N)C#N.N#C[Fe-4](C#N)(C#N)(C#N)(C#N)C#N,approved,missing,Safe,0
1539,missing,[67Ga+3].OC(CC([O-])=O)(CC([O-])=O)C([O-])=O,approved,missing,Safe,0
1540,CHEMBL1251,CCNC(NCC)=NCCCC[C@@H](NC(=O)[C@H](CC1=CC=C(O)C=C1)NC(=O)[C@H](CO)NC(=O)[C@@H](CC1=CC=CN=C1)NC(=O)[C@@H](CC1=CC=C(Cl)C=C1)NC(=O)[C@@H](CC1=CC2=CC=CC=C2C=C1)NC(C)=O)C(=O)N[C@@H](CC(C)C)C(=O)N[C@@H](CCCCN=C(NCC)NCC)C(=O)N1CCC[C@H]1C(=O)N[C@H](C)C(N)=O,approved,missing,Safe,0
1543,missing,CC(O)=O.CC(O)=O.CCNC(=O)[C@@H]1CCCN1C(=O)[C@H](CCCNC(N)=N)NC(=O)[C@H](CC(C)C)NC(=O)[C@@H](CC1=CN(CC2=CC=CC=C2)C=N1)NC(=O)[C@H](CC1=CC=C(O)C=C1)NC(=O)[C@H](CO)NC(=O)[C@H](CC1=CNC2=C1C=CC=C2)NC(=O)[C@H](CC1=CNC=N1)NC(=O)[C@@H]1CCC(=O)N1,approved,missing,Safe,0
1545,missing,[H]N([H])CCCCC1N([H])C(=O)C(CC2=CN([H])C3=CC=CC=C23)N([H])C(=O)C(CC2=CC=C(O)C=C2)N([H])C(=O)C(CSSCC(N([H])C(=O)C(N([H])C1=O)C(C)C)C(=O)N([H])C(C(C)O)C(=O)N([H])[H])N([H])C(=O)C(CC1=CC2=CC=CC=C2C=C1)N([H])[H],approved,missing,Safe,0
1546,missing,[La+3].[La+3].[O-]C([O-])=O.[O-]C([O-])=O.[O-]C([O-])=O,approved,missing,Safe,0
1549,missing,[Mn++].CC1=C(O)C(CN(CCN(CC([O-])=O)CC2=CC(COP(O)(O)=O)=NC(C)=C2O)CC([O-])=O)=CC(COP(O)(O)=O)=N1,approved; investigational; withdrawn,missing,Safe,1
1552,missing,C[N@+]1(CC2CC2)CC[C@]23[C@H]4OC5=C(O)C=CC(C[C@@H]1[C@]2(O)CCC4=O)=C35,approved,missing,Safe,0
1572,CHEMBL1201334,CC(C)C[C@H](NC(=O)[C@@H](CC1=CNC2=CC=CC=C12)NC(=O)[C@H](CC1=CC=C(O)C=C1)NC(=O)[C@H](CO)NC(=O)[C@H](CC1=CNC2=C1C=CC=C2)NC(=O)[C@H](CC1=CNC=N1)NC(=O)[C@@H]1CCC(=O)N1)C(=O)N[C@@H](CCCNC(N)=N)C(=O)N1CCC[C@H]1C(=O)NCC(N)=O,approved; vet_approved,missing,Safe,0
1574,CHEMBL3085436,[H][C@@]1(C[C@H](O)NC(=N)N1)[C@]1([H])NC(=O)\C(NC(=O)[C@H](CO)NC(=O)[C@H](CO)NC(=O)[C@H](CNC1=O)NC(=O)C[C@@H](N)CCCN)=C\NC(N)=O,approved,missing,Safe,0
1589,missing,CC(=O)N[C@H]1[C@H](O)O[C@H](CO)[C@@H](O)C1O[C@@H]1O[C@@H]([C@@H](O[C@@H]2O[C@H](CO)[C@@H](O)C(O[C@@H]3O[C@@H]([C@@H](O)[C@H](O)[C@H]3O)C(O)=O)[C@H]2NC(C)=O)[C@H](O)[C@H]1O)C(O)=O,approved; vet_approved,missing,Safe,0
1594,CHEMBL3989517,[H][C@]12CC[C@]([H])([C@H]([C@H](C1)C1=CC=C([123I])C=C1)C(=O)OC)N2CCCF,approved,missing,Safe,0
1605,missing,CC\C=C\CC(=O)N[C@@H](CC1=CC=C(O)C=C1)C(=O)N[C@@H](C)C(=O)N[C@@H](CC(O)=O)C(=O)N[C@@H](C)C(=O)N[C@@H](C(C)CC)C(=O)N[C@@H](CC1=CC=CC=C1)C(=O)N[C@@H](C(C)O)C(=O)N[C@@H](CC(N)=O)C(=O)N[C@@H](CO)C(=O)N[C@@H](CC1=CC=C(O)C=C1)C(=O)N[C@@H](CCCNC(N)=N)C(=O)N[C@@H](CCCCN)C(=O)N[C@@H](C(C)C)C(=O)N[C@@H](CC(C)C)C(=O)NCC(=O)N[C@@H](CCC(N)=O)C(=O)N[C@@H](CC(C)C)C(=O)N[C@@H](CO)C(=O)N[C@@H](C)C(=O)N[C@@H](CCCNC(N)=N)C(=O)N[C@@H](CCCCN)C(=O)N[C@@H](CC(C)C)C(=O)N[C@@H](CC(C)C)C(=O)N[C@@H](CCC(N)=O)C(=O)N[C@@H](CC(O)=O)C(=O)N[C@@H](C(C)CC)C(=O)N[C@@H](CCSC)C(=O)N[C@@H](CO)C(=O)N[C@@H](CCCNC(N)=N)C(=O)N[C@@H](CCC(N)=O)C(=O)N[C@@H](CCC(N)=O)C(=O)NCC(=O)N[C@@H](CCC(N)=O)C(=O)N[C@@H](CO)C(=O)N[C@@H](CC(N)=O)C(=O)N[C@@H](CCC(N)=O)C(=O)N[C@@H](CCCNC(N)=N)C(=O)NCC(=O)N[C@@H](C)C(=O)N[C@@H](CCCNC(N)=N)C(=O)N[C@@H](C)C(=O)N[C@@H](CCCNC(N)=N)C(=O)N[C@@H](CC(C)C)C(N)=O,approved; investigational,missing,Safe,0
1616,missing,[Gd+3].[H][C@@](CN(CCN(CC([O-])=O)CC([O-])=O)CC([O-])=O)(CC1=CC=C(OCC)C=C1)N(CC(O)=O)CC(O)=O,approved,missing,Safe,0
1618,CHEMBL451887,CC(C)C[C@H](NC(=O)[C@H](CCC1=CC=CC=C1)NC(=O)CN1CCOCC1)C(=O)N[C@@H](CC1=CC=CC=C1)C(=O)N[C@@H](CC(C)C)C(=O)[C@@]1(C)CO1,approved; investigational,missing,Safe,0
1619,CHEMBL3301675,[H][C@]1(CSSC[C@]2([H])NC(=O)[C@H](CC3=CC=C(O)C=C3)NC(=O)[C@H](CCC(O)=O)NC(=O)[C@@H]3CSSC[C@H](NC(=O)[C@H](C)NC(=O)[C@@H]4CCCN4C(=O)[C@H](CC(N)=O)NC(=O)[C@H](CSSC[C@H](N)C(=O)N3)NC2=O)C(=O)N[C@@]([H])([C@@H](C)O)C(=O)NCC(=O)N1)C(=O)N[C@@H](CC1=CC=C(O)C=C1)C(O)=O,approved,missing,Safe,0
1635,CHEMBL2107816,[Cl-].[Cl-].[223Ra++],approved; investigational,missing,Safe,0
1645,CHEMBL3833350,O.[OH-].[OH-].[OH-].[OH-].[OH-].[OH-].[OH-].[OH-].[OH-].[OH-].[OH-].[OH-].[OH-].[OH-].[OH-].[OH-].[OH-].[OH-].[OH-].[OH-].[OH-].[OH-].[OH-].[OH-].[OH-].[OH-].[OH-].[OH-].[OH-].[OH-].[OH-].[Mg++].[Mg++].[Mg++].[Mg++].[Mg++].[Mg++].[Mg++].[Mg++].[Mg++].[Mg++].[Al+3].[Al+3].[Al+3].[Al+3].[Al+3].[O-]S([O-])(=O)=O.[O-]S([O-])(=O)=O,approved; withdrawn,missing,Safe,1
1646,missing,C[C@H](COC1=CC=CC=C1)N[C@H](C)[C@@H](O)C1=CC=C(O)C=C1,approved; withdrawn,missing,Safe,1
1649,missing,CC(C)[C@@](C[C@H](C)N(C)C)(C#N)C1=CC=CC=C1,approved; withdrawn,missing,Safe,1
1656,missing,[H]C1(OC(=O)[C@]([H])(C(C)C)N(C)C(=O)C([H])(OC(=O)[C@]([H])(C(C)C)N(C)C(=O)C([H])(OC(=O)[C@]([H])(C(C)C)N(C)C1=O)C(C)C)C(C)C)C(C)C,approved; withdrawn,missing,Safe,1
1690,CHEMBL382301,[H][C@]1(NC(=O)[C@@]([H])(NC(=O)[C@@H](CC2=CC=C(OCC)C=C2)NC(=O)CCSSC[C@H](NC(=O)[C@H](CC(N)=O)NC1=O)C(=O)N1CCC[C@H]1C(=O)N[C@@H](CCCN)C(=O)NCC(N)=O)[C@@H](C)CC)[C@@H](C)O,approved; investigational,missing,Safe,0
1701,CHEMBL1200682,[Na+].OCCCC([O-])=O,approved,missing,Safe,0
1709,missing,COC1=C(OC)C(=O)C(CCCCCCCCCCCCO)=C(C)C1=O,approved; investigational,missing,Safe,0
1715,missing,[Al+3].[K+].[O-]S([O-])(=O)=O.[O-]S([O-])(=O)=O,approved,missing,Safe,0
1719,missing,[H][C@@]12CC[C@](O)(C(=O)CS)[C@@]1(C)C[C@H](O)[C@@]1([H])[C@@]2([H])CCC2=CC(=O)CC[C@]12C,approved; withdrawn,missing,Safe,1
1722,missing,COC1=CC(=CC(OC)=C1OC)C1C2C(COC2=O)C(O)C2=CC3=C(OCO3)C=C12.COC1=CC(=CC(OC)=C1OC)C1C2C(COC2=O)C(O)C2=CC3=C(OCO3)C=C12.COC1=CC(=CC(OC)=C1OC)C1C(C(CO)C(O)C2=CC3=C(OCO3)C=C12)C(O)=O.COC1=CC(=CC(OC)=C1OC)C1C(C(CO)C(O)C2=CC3=C(OCO3)C=C12)C(O)=O,approved,missing,Safe,0
1729,CHEMBL1200718,[OH-].[OH-].[Mg++],approved; investigational,missing,Safe,0
1741,missing,OC[C@H]1O[C@H](S[Au])[C@H](O)[C@@H](O)[C@@H]1O,approved; withdrawn,missing,Safe,1
1746,missing,[Cl-].[Cl-].[Cl-].[Cr+3],approved,missing,Safe,0
1747,missing,[Cu],approved; investigational,missing,Safe,0
1748,missing,Cl[Cu]Cl,approved; investigational,missing,Safe,0
1749,missing,[Gd+3].OC(=O)CN1CCN(CC([O-])=O)CCN(CC([O-])=O)CCN(CC([O-])=O)CC1,approved,missing,Safe,0
1753,missing,CCN(CC)C1=CC=C(C=C1)C(=C1C=CC(C=C1)=[N+](CC)CC)C1=CC(=CC=C1S(O)(=O)=O)S(O)(=O)=O,approved,missing,Safe,0
1754,missing,[Tc].CC1=CC(C)=C(Br)C(C)=C1NC(=O)CN(CC(O)=O)CC(O)=O,approved,missing,Safe,0
1755,missing,O.O.[98Tc+4].[O-]P([O-])(=O)CP([O-])([O-])=O,approved,missing,Safe,0
1756,missing,[99Tc].OC(P(O)(O)=O)P(O)(O)=O,approved,missing,Safe,0
1758,CHEMBL1121,CSCC[C@H](NC(=O)[C@H](CC1=CC=C(OS(O)(=O)=O)C=C1)NC(=O)[C@@H](N)CC(O)=O)C(=O)NCC(=O)N[C@@H](CC1=CNC2=CC=CC=C12)C(=O)N[C@@H](CCSC)C(=O)N[C@@H](CC(O)=O)C(=O)N[C@@H](CC1=CC=CC=C1)C(N)=O,approved,missing,Safe,0
1762,missing,O.O.O.[OH-].[O--].[O--].[O--].[O--].[O--].[O--].[O--].[O--].[Na+].[Na+].[Fe+3].[Fe+3].[Fe+3].[Fe+3].[Fe+3].OC[C@H]1O[C@@](CO)(O[C@H]2O[C@H](CO)[C@@H](O)[C@H](O)[C@H]2O)[C@@H](O)[C@@H]1O,approved,missing,Safe,0
1763,CHEMBL566752,CNC1=CC=C(\C=C\C2=CC=C(OCCOCCOCC[18F])C=C2)C=C1,approved,missing,Safe,0
1764,CHEMBL1774461,[H]N(C1=C([H])C([H])=C(\C([H])=C(/[H])C2=C([H])N=C(OC([H])([H])C([H])([H])OC([H])([H])C([H])([H])OC([H])([H])C([H])([H])[18F])C([H])=C2[H])C([H])=C1[H])C([H])([H])[H],approved; investigational,missing,Safe,0
1765,CHEMBL2042122,CNC1=C([18F])C=C(C=C1)C1=NC2=CC=C(O)C=C2S1,approved; investigational,missing,Safe,0
1767,CHEMBL1200574,[Na+].[Cl-],approved; vet_approved,missing,Safe,0
1769,CHEMBL1796997,[He],approved; investigational; vet_approved,missing,Safe,0
1773,missing,O.O.[98Tc].CCOCCP(CCOCC)CCP(CCOCC)CCOCC.CCOCCP(CCOCC)CCP(CCOCC)CCOCC,approved,missing,Safe,0
1774,missing,[Tc+].COC(C)(C)C[N+]#[C-].COC(C)(C)C[N+]#[C-].COC(C)(C)C[N+]#[C-].COC(C)(C)C[N+]#[C-].COC(C)(C)C[N+]#[C-].COC(C)(C)C[N+]#[C-],approved; investigational,missing,Safe,0
1776,missing,[99Tc].CC(C)C1=CC=CC(C(C)C)=C1NC(=O)CN(CC(O)=O)CC(O)=O,approved,missing,Safe,0
1777,missing,[99Tc+4].[O-]P([O-])(=O)OP([O-])([O-])=O,approved,missing,Safe,0
1781,missing,[H][C@@]12CCC[C@]1([H])C1=NN=C(CCN3CCN(CC3)C3=CC=CC(=C3)C(F)(F)F)N1C2,approved,missing,Safe,0
1789,missing,OC1=CC=C(C=C1)C1(OC2=CC=CC=C2NC1=O)C1=CC=C(O)C=C1,approved,missing,Safe,0
1805,missing,CC[C@H](C)[C@H](NC(=O)[C@H](CC1=CC=CC=C1)NC(=O)[C@H](CC(C)C)NC(=O)[C@H](CCCNC(N)=N)NC(=O)[C@@H](NC(=O)[C@H](C)NC(=O)[C@H](CCC(O)=O)NC(=O)[C@H](CCC(O)=O)NC(=O)[C@H](CCC(O)=O)NC(=O)[C@H](CCSC)NC(=O)[C@H](CCC(N)=O)NC(=O)[C@H](CCCCN)NC(=O)[C@H](CO)NC(=O)[C@H](CC(C)C)NC(=O)[C@H](CC(O)=O)NC(=O)[C@H](CO)NC(=O)[C@@H](NC(=O)[C@H](CC1=CC=CC=C1)NC(=O)[C@@H](NC(=O)CNC(=O)[C@H](CCC(O)=O)NC(=O)CNC(=O)[C@@H](N)CC1=CNC=N1)[C@@H](C)O)[C@@H](C)O)C(C)C)C(=O)N[C@@H](CCC(O)=O)C(=O)N[C@@H](CC1=CNC2=C1C=CC=C2)C(=O)N[C@@H](CC(C)C)C(=O)N[C@@H](CCCCN)C(=O)N[C@@H](CC(N)=O)C(=O)NCC(=O)NCC(=O)N1CCC[C@H]1C(=O)N[C@@H](CO)C(=O)N[C@@H](CO)C(=O)NCC(=O)N[C@@H](C)C(=O)N1CCC[C@H]1C(=O)N1CCC[C@H]1C(=O)N[C@@H](CO)C(=O)N[C@@H](CCCCN)C(=O)N[C@@H](CCCCN)C(=O)N[C@@H](CCCCN)C(=O)N[C@@H](CCCCN)C(=O)N[C@@H](CCCCN)C(=O)N[C@@H](CCCCN)C(N)=O,approved,missing,Safe,0
1807,CHEMBL3707306,[Sr++].[Sr++].[O-]C(=O)CN(CC([O-])=O)C1=C(C#N)C(CC([O-])=O)=C(S1)C([O-])=O,approved; withdrawn,missing,Safe,1
1813,missing,[K+].[K+].[K+].[K+].[K+].[Bi+3].[O-]C(=O)CC([O-])(CC([O-])=O)C([O-])=O.[O-]C(=O)CC([O-])(CC([O-])=O)C([O-])=O,approved; investigational,missing,Safe,0
1814,missing,[Na+].[Na+].[O-]C(=O)CC(S[Au])C([O-])=O,approved; investigational,missing,Safe,0
1815,CHEMBL2095207,[Cl-].C[N+](C)([11CH3])CCO,approved; investigational,missing,Safe,0
1818,CHEMBL2096633,[Mg++].[Mg++].[O-][Si](=O)O[Si]([O-])([O-])O[Si]([O-])=O,approved,missing,Safe,0
1823,missing,[131I-],approved; investigational,missing,Safe,0
1830,missing,O.O.O.O.[98Tc-],approved; investigational,missing,Safe,0
1831,CHEMBL1200685,[133Xe],approved,missing,Safe,0
1832,missing,[Cl-].[Tl+],approved,missing,Safe,0
1837,missing,O=[Zn],approved,missing,Safe,0
1838,CHEMBL1200929,[Zn++].[O-]S([O-])(=O)=O,approved; investigational,missing,Safe,0
1840,CHEMBL1528,[F-].[Na+],approved,missing,Safe,0
1841,CHEMBL1201189,[13NH3],approved,missing,Safe,0
1842,missing,O=C1NC=CC(=O)N1.FC1=CN(C2CCCO2)C(=O)NC1=O,approved; investigational,missing,Safe,0
1844,missing,[Na+].[Na+].[Na+].[Na+].CC1=C(OP([O-])([O-])=O)C2=CC=CC=C2C(OP([O-])([O-])=O)=C1,approved,missing,Safe,0
1859,missing,S1SSSSSSS1,approved,missing,Safe,0
1862,missing,O.[Hg+].CCN(CC)CCOC(=O)C1=CC=C(N)C=C1.[CH2]C(CN=C(O)C1=CC=CC=C1OCC([O-])=O)OCCOC,approved,missing,Safe,0
1865,CHEMBL2107525,[Na+].[Na+].O[32P]([O-])([O-])=O,approved,missing,Safe,0
1867,missing,OC1=CC(=CC(O)=C1O)C(=O)OC1=C(O)C(O)=CC(=C1)C(=O)OC[C@H]1OC(OC(=O)C2=CC(OC(=O)C3=CC(O)=C(O)C(O)=C3)=C(O)C(O)=C2)[C@H](OC(=O)C2=CC(OC(=O)C3=CC(O)=C(O)C(O)=C3)=C(O)C(O)=C2)[C@@H](OC(=O)C2=CC(OC(=O)C3=CC(O)=C(O)C(O)=C3)=C(O)C(O)=C2)[C@@H]1OC(=O)C1=CC(OC(=O)C2=CC(O)=C(O)C(O)=C2)=C(O)C(O)=C1,approved,missing,Safe,0
1872,missing,[Cl-].CCC(=O)OCCNC(=O)C[N+]1=CC=CC=C1,approved,missing,Safe,0
1874,missing,[Na+].[Na+].[O-][51Cr]([O-])(=O)=O,approved,missing,Safe,0
1876,CHEMBL1200763,[Na+].[O-]C(=O)CNC(=O)C1=C([131I])C=CC=C1,approved,missing,Safe,0
1878,missing,[57Co+3].[C-]#N.C[C@H](CNC(=O)CC[C@]1(C)[C@@H](CC(N)=O)C2[N-]\C1=C(C)/C1=N/C(=C\C3=N\C(=C(C)/C4=N[C@]2(C)[C@@](C)(CC(N)=O)[C@@H]4CCC(N)=O)\[C@@](C)(CC(N)=O)[C@@H]3CCC(N)=O)/C(C)(C)[C@@H]1CCC(N)=O)OP([O-])(=O)O[C@@H]1[C@@H](CO)O[C@@H]([C@@H]1O)N1C=[NH]C2=C1C=C(C)C(C)=C2,approved,missing,Safe,0
1879,missing,CCC12CCC3C(CCC4=CC(=O)CCC34)C1CCC2(O)C#C,approved,missing,Safe,0
1882,missing,[99Tc].S1SSSSSSS1,approved; investigational,missing,Safe,0
1883,missing,[18F-],approved,missing,Safe,0
1884,CHEMBL1201054,C[75Se]CC[C@H](N)C(O)=O,approved,missing,Safe,0
1887,CHEMBL2219642,[Mg++].[Cl-].[Cl-],approved,missing,Safe,0
1888,CHEMBL3989858,O.O.O.O.[Mg++].CC([O-])=O.CC([O-])=O,approved,missing,Safe,0
1889,CHEMBL1200925,[K+].OP(O)([O-])=O,approved; investigational; vet_approved,missing,Safe,0
1890,CHEMBL1200459,[K+].[K+].OP([O-])([O-])=O,approved,missing,Safe,0
1892,CHEMBL1200696,[K+].[O-][Cl](=O)(=O)=O,approved; investigational,missing,Safe,0
1894,missing,[123I-],approved,missing,Safe,0
1895,CHEMBL1472,[H][C@@](CC1=CN=CN1)(NC(=O)[C@]1([H])CCC(=O)N1)C(=O)N1CCC[C@@]1([H])C(N)=O,approved; investigational,missing,Safe,0
1897,missing,[111In+3].OC(=O)CN(CCN(CCN(CC([O-])=O)CC([O-])=O)CC([O-])=O)CC(O)=O,approved,missing,Safe,0
1898,CHEMBL1201096,[81Kr],approved,missing,Safe,0
1899,CHEMBL1200439,[Na+].[O-]C(=O)CNC(=O)C1=CC=CC=C1[123I],approved,missing,Safe,0
1900,CHEMBL1368,[Na+].OP(O)([O-])=O,approved,missing,Safe,0
1902,CHEMBL1200673,[127Xe],approved,missing,Safe,0
1904,CHEMBL233406,[Na+].[Na+].[O-]S([O-])(=O)=O,approved; vet_approved,missing,Safe,0
1905,missing,[111In+3].[O-]C1=CC=CC2=C1N=CC=C2.[O-]C1=CC=CC2=C1N=CC=C2.[O-]C1=CC=CC2=C1N=CC=C2,approved,missing,Safe,0
1907,missing,[82Rb+],approved; investigational,missing,Safe,0
1908,missing,CC(C)NC(C)CC1=CC=C([123I])C=C1,approved,missing,Safe,0
1911,CHEMBL1908359,[Na+].[Na+].[O-]P([O-])(F)=O,approved,missing,Safe,0
1912,CHEMBL1200555,CN(C(=O)CC(=O)N(C)C1=C(I)C(C(=O)NC(CO)C(O)CO)=C(I)C(C(=O)NC(CO)C(O)CO)=C1I)C1=C(I)C(C(=O)NC(CO)C(O)CO)=C(I)C(C(=O)NC(CO)C(O)CO)=C1I,approved,missing,Safe,0
1914,missing,Cl[111In](Cl)Cl,approved,missing,Safe,0
1918,CHEMBL1200625,[Cl-].[Cl-].[89Sr++],approved; investigational,missing,Safe,0
1920,missing,N.[Fe+3].OC(=O)CC(O)(CC(O)=O)C(O)=O,approved; experimental,missing,Safe,0
1924,CHEMBL2096648,N[13C](N)=O,approved,missing,Safe,0
1926,missing,O=[Si]=O.CO[Si](C)(C)O[Si](C)(C)C,approved,missing,Safe,0
1927,CHEMBL2096635,N[14C](N)=O,approved,missing,Safe,0
1929,missing,[O--].[O--].[O--].[Na+].[Fe+3].[Fe+3].OC[C@@H](O)[C@@H](O)[C@H](O)[C@@H](O)C([O-])=O.OC[C@H]1O[C@@](CO)(O[C@H]2O[C@H](CO)[C@@H](O)[C@H](O)[C@H]2O)[C@@H](O)[C@@H]1O.OC[C@H]1O[C@@](CO)(O[C@H]2O[C@H](CO)[C@@H](O)[C@H](O)[C@H]2O)[C@@H](O)[C@@H]1O.OC[C@H]1O[C@@](CO)(O[C@H]2O[C@H](CO)[C@@H](O)[C@H](O)[C@H]2O)[C@@H](O)[C@@H]1O.OC[C@H]1O[C@@](CO)(O[C@H]2O[C@H](CO)[C@@H](O)[C@H](O)[C@H]2O)[C@@H](O)[C@@H]1O.OC[C@H]1O[C@@](CO)(O[C@H]2O[C@H](CO)[C@@H](O)[C@H](O)[C@H]2O)[C@@H](O)[C@@H]1O,approved,missing,Safe,0
1934,missing,O=[Ti]=O,approved,missing,Safe,0
1938,CHEMBL3989523,OS(O)(=O)=O.NC(=N)NCC1=CC([123I])=CC=C1.NC(=N)NCC1=CC([123I])=CC=C1,approved; investigational,missing,Safe,0
1940,CHEMBL1200927,OC(=O)\C=C/C(O)=O.CN(C)CC[C@@H](C1=CC=C(Cl)C=C1)C1=CC=CC=N1,approved,missing,Safe,0
1941,missing,[Na+].[Na+].OCC(O)COP([O-])([O-])=O,approved,missing,Safe,0
1942,missing,C[N+](C)([11CH3])CCO,approved,missing,Safe,0
1947,missing,[Cl-].[Cl-].[Sn++],approved,missing,Safe,0
1964,CHEMBL177367,[Ag+].[O-]N(=O)=O,approved; investigational,missing,Safe,0
1965,CHEMBL3833401,Cl[Al](Cl)Cl,approved; investigational,missing,Safe,0
1971,missing,F[Sn]F,approved,missing,Safe,0
1988,CHEMBL1644695,[Na+].[I-],approved,missing,Safe,0
1991,missing,[O-]Cl,approved,missing,Safe,0
1995,CHEMBL2009089,O[Se](O)=O,approved; investigational,missing,Safe,0
2000,missing,[O--].[Cu++],approved,missing,Safe,0
2001,missing,[Se],approved; investigational; vet_approved,missing,Safe,0
2002,missing,[Cr],approved,missing,Safe,0
2003,missing,[Mo],approved,missing,Safe,0
2004,missing,[51Cr],approved,missing,Safe,0
2005,missing,[Mn++].[H][C@@](O)(CO)[C@@]([H])(O)[C@]([H])(O)[C@@]([H])(O)C([O-])=O.[H][C@@](O)(CO)[C@@]([H])(O)[C@]([H])(O)[C@@]([H])(O)C([O-])=O,approved,missing,Safe,0
2012,CHEMBL2105897,[Ba++].[O-]S([O-])(=O)=O,approved,missing,Safe,0
2023,missing,CCOC(=O)[C@H](CS)NCCN[C@@H](CS)C(=O)OCC,approved; investigational,missing,Safe,0
2024,missing,[Ca++].OC[C@H](O)[C@@H](O)C([O-])=O.OC[C@H](O)[C@@H](O)C([O-])=O,approved,missing,Safe,0
2026,missing,O.O.O.O.O.[Fe+3].[Fe+3].[O-]S([O-])(=O)=O.[O-]S([O-])(=O)=O.[O-]S([O-])(=O)=O,approved,missing,Safe,0
2033,missing,[Na+].[Na+].CCN(CC1=CC(=CC=C1)S([O-])(=O)=O)C1=CC=C(C=C1)C(C1=CC=C(C=C1)S([O-])(=O)=O)=C1C=CC(C=C1)=[N+](CC)CC1=CC(=CC=C1)S([O-])(=O)=O,approved; experimental,missing,Safe,0
2036,missing,[Mg++].NCC([O-])=O.NCC([O-])=O,approved,missing,Safe,0
2038,missing,[C@H]1(C[Co-3]2345[N+]6=C7C(C)=C8N2[C@]([H])([C@H](CC(=O)N)[C@]8(CCC(=O)NC[C@@H](C)OP([O-])(=O)O[C@@H]2[C@@H](CO)O[C@H](N8C=[N+]3C3=CC(C)=C(C)C=C83)[C@@H]2O)C)[C@@]2(C)[C@@](CC(=O)N)([C@H](CCC(=O)N)C(C(C)=C3[N+]4=C(C=C6C([C@@H]7CCC(=O)N)(C)C)[C@@H](CCC(=O)N)[C@@]3(CC(=O)N)C)=[N+]52)C)O[C@@H](N2C3=C(N=C2)C(=NC=N3)N)[C@H](O)[C@@H]1O,approved,missing,Safe,0
2040,missing,[Fe++].NCC(O)=O.[H][C@](N)(CS)C(O)=O.[H][C@](N)(C[S-])C([O-])=O,approved,missing,Safe,0
2041,missing,O.O.[Al+3].[Cl-].[Zr+4].NCC([O-])=O,approved,missing,Safe,0
2042,missing,CC(C)[C@@H]1CC[C@@H](C)C[C@H]1OC(=O)C1=CC=CC=C1O,approved,missing,Safe,0
2045,missing,[OH-].[OH-].[OH-].[OH-].[Al+3].[Al+3].[Cl-].NC(=O)NC1NC(=O)[N-]C1=O,approved,missing,Safe,0
2050,missing,[Fe++].NCC([O-])=O.NCC([O-])=O,approved,missing,Safe,0
2055,missing,CCCCC(CC)COC(=O)C(C#N)=C(C1=CC=CC=C1)C1=CC=C(OC)C=C1,approved; experimental,missing,Safe,0
2063,CHEMBL3833402,[Al+3].[Al+3].[O-]S([O-])(=O)=O.[O-]S([O-])(=O)=O.[O-]S([O-])(=O)=O,approved,missing,Safe,0
2066,missing,[Cu++].OC[C@@H](O)[C@@H](O)[C@H](O)[C@@H](O)C([O-])=O.OC[C@@H](O)[C@@H](O)[C@H](O)[C@@H](O)C([O-])=O,approved; investigational,missing,Safe,0
2071,missing,[Cr+3].[O-]C(=O)C1=NC=CC=C1.[O-]C(=O)C1=NC=CC=C1.[O-]C(=O)C1=NC=CC=C1,approved,missing,Safe,0
2073,missing,[F-],approved,missing,Safe,0
2080,missing,CCCCCCOC(=O)C1=CC=CC=C1C(=O)C1=CC=C(C=C1O)N(CC)CC,approved,missing,Safe,0
2091,missing,CCCCCCCCCCCCCC(=O)OCC(COP(O)(=O)OCC(O)CO)OC(=O)CCCCCCCCCCCCC,approved,missing,Safe,0
2096,missing,CCCCOCC1=CC(OC)=C(O)C=C1,approved,missing,Safe,0
2102,CHEMBL42403,OB(O)O,approved,missing,Safe,0
2106,missing,CCCCCCCCCCCCCCCC(=O)OC[C@H](COP(O)(=O)OCC(O)CO)OC(=O)CCCCCCC\C=C/CCCCCCCC,approved; experimental,missing,Safe,0
2110,missing,COC1=C(OC)C(O)=C(C\C=C(/C)CC\C=C(/C)CC\C=C(/C)CC\C=C(/C)CC\C=C(/C)CC\C=C(/C)CC\C=C(/C)CC\C=C(/C)CC\C=C(/C)CCC=C(C)C)C(C)=C1O,approved; investigational,missing,Safe,0
2112,missing,[O--].[O--].[O--].[Al+3].[Al+3],approved,missing,Safe,0
2113,missing,O[SiH3],approved,missing,Safe,0
2131,missing,O.[OH-].[OH-].[OH-].[OH-].[OH-].[Al+3].[Al+3].[Cl-],approved,missing,Safe,0
2140,missing,CC(CC1=C(O)C(=CC(C)=C1)N1N=C2C=CC=CC2=N1)C[Si](C)(O[Si](C)(C)C)O[Si](C)(C)C,approved,missing,Safe,0
2142,missing,CCN(C)[C@@H](C)[C@H](O)C1=CC=CC=C1,approved,missing,Safe,0
2144,missing,[Ne],approved; investigational,missing,Safe,0
2145,missing,[Na+].CC[Hg]SC1=CC=CC=C1C([O-])=O,approved,missing,Safe,0
2150,missing,CC(O)COCC1OC(OC2C(COCC(C)O)OC(OCC(C)O)C(OCC(C)O)C2OCC(C)O)C(OCC(C)O)C(OCC(C)O)C1OCC(C)O,approved,missing,Safe,0
2172,CHEMBL2070241,CCCC[C@H](NC(C)=O)C(=O)N[C@H]1CC(=O)NCCCC[C@H](NC(=O)[C@H](CC2=CNC3=CC=CC=C23)NC(=O)[C@H](CCCNC(N)=N)NC(=O)[C@@H](CC2=CC=CC=C2)NC(=O)[C@H](CC2=CN=CN2)NC1=O)C(O)=O,approved; investigational,missing,Safe,0
2188,missing,[H]C(=O)[C@H](O)[C@@H](O)[C@@H](O)[C@H](O)CO,approved; investigational,missing,Safe,0
2198,missing,COP(=S)(NC(C)C)OC1=CC=C(Cl)C=C1Cl,approved; investigational,missing,Safe,0
2210,missing,[111In+3].CC(O)C(CO)N=C(O)C1CSSCC(N=C(O)C(CC2=CC=CC=C2)N=C([O-])CN(CCN(CCC(C(O)=O)C(O)=O)CC([O-])=O)CC([O-])=O)C(O)=NC(CC2=CC=CC=C2)C(O)=NC(CC2=CNC3=CC=CC=C23)C(O)=NC(CCCCN)C([O-])=NC(C(C)O)C(O)=N1,approved; investigational,missing,Safe,0
2212,CHEMBL408403,CC[C@H](C)[C@H](NC(=O)[C@H](CC1=CC=C(O)C=C1)NC(=O)[C@@H](NC(=O)[C@H](CCCN=C(N)N)NC(=O)[C@@H](N)CC(O)=O)C(C)C)C(=O)N[C@@H](CC1=CN=CN1)C(=O)N1CCC[C@H]1C(=O)N[C@@H](CC1=CC=CC=C1)C(O)=O,approved; investigational,missing,Safe,0
2240,missing,[Gd],approved; investigational,missing,Safe,0
2242,missing,CS(=O)(=O)OC[C@@H](O)[C@@H](O)[C@H](O)[C@H](O)COS(C)(=O)=O,approved; investigational,missing,Safe,0
2249,missing,[2H]C([2H])([2H])OC1=CC2=C(C=C1OC([2H])([2H])[2H])[C@@H]1CC(=O)[C@@H](CC(C)C)CN1CC2,approved; investigational,missing,Safe,0
2264,missing,OC(CN(CC(O)=O)CC(O)=O)CN(CC(O)=O)CC(O)=O,approved; investigational,missing,Safe,0
2271,missing,C[C@@]12CCC[C@](C)([C@H]1CC[C@@]13CC(=C)[C@@](C1)(CC[C@@H]23)O[C@@H]1O[C@H](CO)[C@@H](O)[C@H](O)[C@H]1O[C@@H]1O[C@H](CO)[C@@H](O)[C@H](O)[C@H]1O)C(O)=O,approved; investigational,missing,Safe,0
2282,missing,[O-]N=O,approved; investigational,missing,Safe,0
2286,missing,C[C@@H](O)[C@@H](CO)NC(=O)[C@@H]1CSSC[C@H](NC(=O)[C@@H](CC2=CC=CC=C2)NC(=O)CN(CCN(CCN(CC(O)=O)CC(O)=O)CC(O)=O)CC(O)=O)C(=O)N[C@@H](CC2=CC=CC=C2)C(=O)N[C@H](CC2=CNC3=CC=CC=C23)C(=O)N[C@@H](CCCCN)C(=O)N[C@@H]([C@@H](C)O)C(=O)N1,approved; investigational,missing,Safe,0
2294,missing,[I-],approved; experimental,missing,Safe,0
2301,missing,[H][C@@]12C(=O)CC[C@]11CCC(C)[C@@]2(C)[C@@H](C[C@@](C)(C=C)[C@@H](O)[C@@H]1C)OC(=O)CS[C@@H]1CC[C@@H](N)C[C@H]1O,approved; investigational,missing,Safe,0
2303,missing,COCCOCCCCCC(=O)NCCCC[C@H](N)C(O)=O,approved; investigational,missing,Safe,0
2304,CHEMBL3545184,C[C@@H](NC(=O)[C@@H](CCCNC(N)=N)NC(=O)[C@@H](CCCNC(N)=N)NC(=O)[C@@H](CCCNC(N)=N)NC(=O)[C@@H](C)NC(=O)[C@@H](CSSC[C@H](N)C(O)=O)NC(C)=O)C(=O)N[C@H](CCCNC(N)=N)C(N)=O,approved; investigational,missing,Safe,0
2314,missing,C[C@H]1C[C@H]2[C@@H]3CC[C@](O)(C(=O)CO)[C@@]3(C)CC(=O)[C@@H]2[C@@]2(C)C=CC(=O)C=C12,approved; investigational,missing,Safe,0
2316,missing,[Ag],approved; investigational,missing,Safe,0
2318,missing,[Si],approved; investigational,missing,Safe,0
2321,missing,[90Y],approved; investigational,missing,Safe,0
2326,missing,FC(F)CC(F)(F)F,approved; investigational,missing,Safe,0
2331,missing,[H][N]([H])([H])[Pt]1(OCC(=O)O1)[N]([H])([H])[H],approved; investigational,missing,Safe,0
2336,missing,C[C@@H](O)CN(C)C.C[C@@H](O)CN(C)C.C[C@@H](O)CN(C)C.CC(=O)NC1=CC=C(C=C1)C(O)=O.CC(=O)NC1=CC=C(C=C1)C(O)=O.CC(=O)NC1=CC=C(C=C1)C(O)=O.OC[C@H]1O[C@H]([C@H](O)[C@@H]1O)N1C=NC2=C1N=CNC2=O,approved,missing,Safe,0
2337,missing,[Na+].CCCCCCCCCCCCOC(=O)CS([O-])(=O)=O,approved; experimental,missing,Safe,0
2338,missing,[H][C@]1(C)C[C@@]2([H])[C@]3([H])CCC4=CC(=O)C=C[C@]4(C)[C@@]3(F)C(=O)C[C@]2(C)[C@@]1(O)C(=O)CCl,approved,missing,Safe,0
2339,missing,O.CC(C)(O)[C@H]1CC[C@@](C)(O)CC1,approved; experimental,missing,Safe,0
2342,CHEMBL2103867,[H][C@@]12CSSC[C@H](NC(=O)CNC(=O)[C@@]([H])(NC(=O)[C@]([H])(CSSC[C@H](NC(=O)[C@H](CCC(O)=O)NC(=O)[C@H](CC(O)=O)NC(=O)[C@@H](N)CC(N)=O)C(=O)N[C@@H](CCC(O)=O)C(=O)N[C@@H](CC(C)C)C(=O)N1)NC(=O)[C@H](C)NC(=O)[C@@H](NC(=O)[C@H](CC(N)=O)NC(=O)[C@@H](NC2=O)C(C)C)C(C)C)[C@@H](C)O)C(=O)N[C@@H](CC(C)C)C(O)=O,approved; investigational,missing,Safe,0
2346,missing,[OH-].[OH-].[OH-].[OH-].[OH-].[OH-].[OH-].[OH-].[OH-].[O--].[Bi+3].[Bi+3].[Bi+3].[Bi+3].[Bi+3].[O-][N+]([O-])=O.[O-][N+]([O-])=O.[O-][N+]([O-])=O.[O-][N+]([O-])=O,approved,missing,Safe,0
2357,missing,OOB=O,approved,missing,Safe,0
2362,missing,[O--].[O--].[O--].[Mg++].[Si+4],approved,missing,Safe,0
2365,missing,[Fe++].[O-]S([O-])(=O)=O,approved,missing,Safe,0
2387,missing,O.O.O.O.O.O.O.O.O.O.O.O.[O--].[O--].[O--].[O--].[O--].[O--].[O--].[O--].[O--].[Mg++].[Mg++].[Mg++].[Mg++].[Mg++].[Mg++].[Al+3].[Al+3].[O-]C([O-])=O,approved; experimental; investigational,missing,Safe,0
2393,missing,[Na+].[O-]C(=O)C[N+]12CC[N+]34CC(=O)O[Fe--]13(OC(=O)C2)OC(=O)C4,approved,missing,Safe,0
2402,missing,O.[Mg++].[Al+3].[Al+3].[O-][Si]([O-])([O-])[O-].[O-][Si]([O-])([O-])[O-],approved; experimental,missing,Safe,0
2403,missing,O.[Na+].CCCCCCCCCCCCCCCC(=O)OC[C@H](COP([O-])(=O)OCCNC(=O)[C@H](C)NC(=O)CC[C@@H](NC(=O)[C@H](C)NC(=O)[C@@H](C)O[C@@H]([C@H](O)[C@H](O)CO)[C@@H](NC(C)=O)C=O)C(N)=O)OC(=O)CCCCCCCCCCCCCCC,approved; experimental,missing,Safe,0
2413,missing,O.O.[Na+].[Na+].[Na+].[Au+].[O-]S([S-])(=O)=O.[O-]S([S-])(=O)=O,approved; experimental,missing,Safe,0
2416,CHEMBL3989640,O.O.[Mg++].OC[C@@H](O)[C@@H](O)[C@H](O)[C@@H](O)C([O-])=O.OC[C@@H](O)[C@@H](O)[C@H](O)[C@@H](O)C([O-])=O,approved; investigational,missing,Safe,0
2421,missing,[Ca++].CC(=O)CCC([O-])=O.CC(=O)CCC([O-])=O,approved; experimental,missing,Safe,0
2425,CHEMBL3400972,N[C@@H](CC1=CC(O)=C(O)C=C1[18F])C(O)=O,approved; experimental,missing,Safe,0
2439,missing,O[Bi]1OC2=CC(=CC(O)=C2O1)C(O)=O,approved,missing,Safe,0
2440,missing,[Bi+3].CCCC(CCC)C([O-])=O.CCCC(CCC)C([O-])=O.CCCC(CCC)C([O-])=O,approved,missing,Safe,0
2442,missing,[68Ga+3].C[C@@H](O)[C@H](NC(=O)[C@@H]1CSSC[C@H](NC(=O)[C@@H](CC2=CC=CC=C2)NC(=O)CN2CCN(CC([O-])=O)CCN(CC([O-])=O)CCN(CC([O-])=O)CC2)C(=O)N[C@@H](CC2=CC=C(O)C=C2)C(=O)N[C@H](CC2=CNC3=C2C=CC=C3)C(=O)N[C@@H](CCCCN)C(=O)N[C@@H]([C@@H](C)O)C(=O)N1)C(O)=O,approved; investigational,missing,Safe,0
2448,missing,[H]N(N=C1CC[C@@]2(C)C(CC[C@@]3([H])[C@]4([H])CC[C@H](OC(=O)CCCCCC)[C@@]4(C)CC[C@]23[H])=C1)C(=O)C(O)(C1=CC=CC=C1)C1=CC=CC=C1,approved; experimental,missing,Safe,0
2449,missing,[Fe+3],approved,missing,Safe,0
2453,missing,CCCCCCC(=O)O[C@H]1CC[C@H]2[C@@H]3CCC4=CC(OC(=O)CCCCCC)=CC=C4[C@H]3CC[C@]12C,approved; investigational; vet_approved,missing,Safe,0
2459,missing,CCN(CC)C1=CC=C(C=C1)C(=C1C=CC(C=C1)=[N+](CC)CC)C1=C(C=C(C(O)=C1)S(O)(=O)=O)S(O)(=O)=O,approved,missing,Safe,0
2461,missing,[V],approved; experimental,missing,Safe,0
2466,missing,[177Lu],approved,missing,Safe,0
2467,missing,[177Lu+3].C[C@@H](O)[C@H](NC(=O)[C@@H]1CSSC[C@H](NC(=O)[C@@H](CC2=CC=CC=C2)NC(=O)CN2CCN(CC([O-])=O)CCN(CC([O-])=O)CCN(CC([O-])=O)CC2)C(=O)N[C@@H](CC2=CC=C(O)C=C2)C(=O)N[C@H](CC2=CNC3=C2C=CC=C3)C(=O)N[C@@H](CCCCN)C(=O)N[C@@H]([C@@H](C)O)C(=O)N1)C(O)=O,approved; investigational,missing,Safe,0
2468,CHEMBL2219640,[Cl-].[Cl-].[Sr++],approved,missing,Safe,0
2469,missing,[Fe+3].[Fe+3].[Fe+3].[Fe+3].OP(O)(=O)OP(O)(O)=O.OP(O)(=O)OP(O)(O)=O.OP([O-])(=O)OP([O-])([O-])=O.OC(CC([O-])=O)(CC([O-])=O)C([O-])=O.OC(CC([O-])=O)(CC([O-])=O)C([O-])=O.OC(CC([O-])=O)(CC([O-])=O)C([O-])=O,approved; investigational,missing,Safe,0
2484,missing,[Na+].[Na+].[Zr].[O-][Si]1([O-])O[Si]([O-])([O-])O[Si]([O-])([O-])O1,approved; investigational,missing,Safe,0
2492,missing,[H]C(N)(COP(O)(=O)OCC([H])(COC(=O)CCC\C=C/C\C=C/C\C=C/C\C=C/C\C=C/CC)OC(=O)CCCC\C=C/C\C=C/C\C=C/C\C=C/C\C=C/CC)C(O)=O,approved; experimental,missing,Safe,0
2496,missing,[Na+].[H][C@@](COC(=O)CCCCCCCCCCCCCCC)(COP([O-])(=O)OCC(O)CO)OC(=O)CCCCCCCCCCCCCCC,approved; experimental,missing,Safe,0
2497,missing,[Cu+].F[B-](F)(F)F.COC(C)(C)C[N+]#[C-].COC(C)(C)C[N+]#[C-].COC(C)(C)C[N+]#[C-].COC(C)(C)C[N+]#[C-],approved,missing,Safe,0
2500,missing,O.[O--].[O--].[Mg++].[Mg++].[Al+3].[Al+3].[O-][Si]([O-])=O.[O-][Si]([O-])=O.[O-][Si]([O-])=O,approved; experimental,missing,Safe,0
2505,missing,CCCCCCCCCCCCCCCCCC[N+](C)(C)CCCCCCCCCCCCCCCCCC,approved; experimental,missing,Safe,0
2507,missing,[P],approved; experimental,missing,Safe,0
2517,missing,[Ni++].[O-]S([O-])(=O)=O,approved; experimental,missing,Safe,0
2519,missing,[O-][Cr](=O)(=O)O[Cr]([O-])(=O)=O,approved; investigational,missing,Safe,0
2533,missing,C1CCC(CC1)NC1=CC=C(NC2=CC=CC=C2)C=C1,approved,missing,Safe,0
2535,missing,[Cl-].[H]C(Cl)=C([H])C[N+]12CN3CN(CN(C3)C1)C2,approved; experimental,missing,Safe,0
2540,missing,CCN(CCO)C1=CC=C(\N=N\C2=NC=C(S2)N(=O)=O)C(C)=C1,approved; experimental,missing,Safe,0
2541,missing,[Cl-].[Cl-].[Co++],approved; experimental,missing,Safe,0
2548,missing,O.O.[Ca++].OP([O-])([O-])=O,approved,missing,Safe,0
2551,missing,[Mg++].[H][C@@]1(OC(=O)C(O)=C1[O-])[C@@H](O)CO.[H][C@@]1(OC(=O)C(O)=C1[O-])[C@@H](O)CO,approved; nutraceutical,missing,Safe,0
2552,missing,[Zn++].[H][C@@]1(OC(=O)C(O)=C1[O-])[C@@H](O)CO.[H][C@@]1(OC(=O)C(O)=C1[O-])[C@@H](O)CO,approved; nutraceutical,missing,Safe,0
2553,missing,NC(=O)C1=CN=CC=C1.[H]C(O)(CO)[C@@]1([H])OC(=O)C(O)=C1O,approved; nutraceutical,missing,Safe,0
2555,missing,[Fe++].[H][C@@](O)(CO)[C@@]([H])(O)[C@]([H])(O)[C@@]([H])(O)C([O-])=O.[H][C@@](O)(CO)[C@@]([H])(O)[C@]([H])(O)[C@@]([H])(O)C([O-])=O,approved,missing,Safe,0
2556,missing,[Fe++].[O-]C(=O)CCC([O-])=O,approved,missing,Safe,0
2557,missing,[Fe++].[H][C@](O)(CO)[C@@]1([H])OC(=O)C(O)=C1O.[H][C@](O)(CO)[C@@]1([H])OC(=O)C([O-])=C1[O-],approved,missing,Safe,0
2558,missing,[Fe++].[H]\C(=C(\[H])C([O-])=O)C([O-])=O,approved,missing,Safe,0
2559,missing,[Na+].[Na+].[O-][Mo]([O-])(=O)=O,approved; experimental,missing,Safe,0
2561,CHEMBL2021424,[K+].[K+].[O-]S([O-])(=O)=O,approved; investigational,missing,Safe,0
2562,missing,[KH],approved; experimental,missing,Safe,0
2563,missing,[Fe++].NCC([O-])=O.NCC([O-])=O.OS(O)(=O)=O,approved,missing,Safe,0
2564,CHEMBL1060,[Na+].[Na+].OP([O-])([O-])=O,approved,missing,Safe,0
2567,missing,[Na+].[Na+].[O-]B1OB2OB([O-])OB(O1)O2,approved; experimental,missing,Safe,0
2568,missing,[Li+].[OH-],approved; withdrawn,missing,Safe,1
2575,missing,O.O.O.O.O.O.O.O.O.O.[Fe+3].[Fe+3].[Fe+3].[Fe+3].[O-]C(=O)CC([O-])(CC([O-])=O)C([O-])=O.[O-]C(=O)CC([O-])(CC([O-])=O)C([O-])=O.[O-]C(=O)CC([O-])(CC([O-])=O)C([O-])=O,approved,missing,Safe,0
2576,missing,[Cr+3].[O-][N+]([O-])=O.[O-][N+]([O-])=O.[O-][N+]([O-])=O,approved,missing,Safe,0
2577,missing,[Cr+3].OC[C@@H](O)[C@@H](O)[C@H](O)[C@@H](O)C([O-])=O.OC[C@@H](O)[C@@H](O)[C@H](O)[C@@H](O)C([O-])=O.OC[C@@H](O)[C@@H](O)[C@H](O)[C@@H](O)C([O-])=O,approved,missing,Safe,0
2578,missing,[Cr+3].[O-]C(=O)C1=CN=CC=C1.[O-]C(=O)C1=CN=CC=C1.[O-]C(=O)C1=CN=CC=C1,approved; experimental,missing,Safe,0
2579,missing,[Cr++].[O-]S([O-])(=O)=O,approved,missing,Safe,0
2580,CHEMBL1200679,[Cl-].[Cl-].[Zn++],approved; investigational,missing,Safe,0
2589,missing,[Cl-].[Cl-].[Cl-].[67Ga+3],approved,missing,Safe,0
2594,missing,[Co],approved; experimental,missing,Safe,0
2598,missing,[H][C@@]12CC[C@](O)(C(=O)OCCl)[C@@]1(C)C[C@H](O)[C@@]1([H])[C@@]2([H])CCC2=CC(=O)C=C[C@]12C,approved; experimental,missing,Safe,0
2605,CHEMBL1200690,[H]N([H])C(=O)C[C@]1([H])NC(=O)[C@H](CCC(N)=O)NC(=O)[C@H](CC2=CC=CC=C2)NC(=O)[C@H](CC2=CC=C(O)C=C2)NC(=O)[C@@H](N)CSSC[C@H](NC1=O)C(=O)N1CCC[C@H]1C(=O)NC([H])(CCCCN)C(=O)NCC(N)=O,approved,missing,Safe,0
2619,missing,[Na+].[O-][V](=O)=O,approved; experimental,missing,Safe,0
2623,missing,[H][C@]1(NC(=O)[C@H](CCN)NC(=O)[C@H](CCN)NC(=O)[C@H](CC(C)C)NC(=O)[C@@H](CC2=CC=CC=C2)NC(=O)[C@@H](CCN)NC(=O)[C@H](CCNC1=O)NC(=O)[C@H](CCN)NC(=O)[C@@H](NC(=O)[C@H](CCN)NC(=O)CCCCC(C)CC)[C@@H](C)O)[C@@H](C)O,approved; vet_approved,missing,Safe,0
2635,CHEMBL3545253,[18F]C1=CC=C(C=N1)C1=CC=C2C(NC3=C2C=NC=C3)=C1,approved; investigational,missing,Safe,0
2648,missing,O[Zr]Cl,approved; experimental,missing,Safe,0
2650,missing,[68Ga+3].C[C@@H](O)[C@@H](CO)NC(=O)[C@@H]1CSSC[C@H](NC(=O)[C@@H](CC2=CC=CC=C2)NC(=O)CN2CCN(CC([O-])=O)CCN(CC([O-])=O)CCN(CC([O-])=O)CC2)C(=O)N[C@@H](CC2=CC=C(O)C=C2)C(=O)N[C@H](CC2=CNC3=C2C=CC=C3)C(=O)N[C@@H](CCCCN)C(=O)N[C@@H]([C@@H](C)O)C(=O)N1,approved,missing,Safe,0
2653,missing,[Pd++].[H][C@]1(C)\C2=C\C3=C(C(C)=O)C(C)=C([N-]3)\C=C3/N=C(/C(/CC(=O)OC)=C4\[N-]\C(=C/C(=N2)[C@]1([H])CC)C(C)=C4C(=O)NCCS(O)(=O)=O)[C@@]([H])(CCC(O)=O)[C@]3([H])C,approved; experimental,missing,Safe,0
2655,CHEMBL4173394,[Na+].CCOC1=CC=C(NC2=CC=C(C=C2)C(=C2\C=C/C(/C=C2C)=[N+](/CC)CC2=CC(=CC=C2)S([O-])(=O)=O)\C2=C(C)C=C(C=C2)N(CC)CC2=CC(=CC=C2)S([O-])(=O)=O)C=C1,approved,missing,Safe,0
2656,missing,[Fe+3].CC1=C([O-])C(=O)C=CO1.CC1=C([O-])C(=O)C=CO1.CC1=C([O-])C(=O)C=CO1,approved,missing,Safe,0
2657,missing,[Fe+3].OC[C@H](O)[C@@H](O)[C@H](O)[C@H](O)CO[C@H]1O[C@H](CO[C@H]2O[C@H](CO)[C@@H](O)[C@H](O)[C@H]2O)[C@@H](O)[C@H](O)[C@H]1O,approved,missing,Safe,0
2661,CHEMBL4594261,[H][C@@]12C[C@@H]([18F])[C@H](O)[C@@]1(C)CC[C@]1([H])C3=C(CC[C@@]21[H])C=C(O)C=C3,approved,missing,Safe,0
2664,missing,[Zn++].OC1=CC=C(C=C1)S([O-])(=O)=O.OC1=CC=C(C=C1)S([O-])(=O)=O,approved; experimental,missing,Safe,0
2665,missing,CO[C@]1(CC[C@@H](CC1)C1=NC(NC2=NNC(C)=C2)=CC(C)=N1)C(=O)N[C@@H](C)C1=CC=C(N=C1)N1C=C(F)C=N1,approved; investigational,missing,Safe,0
2666,missing,[64Cu++].C[C@@H](O)[C@H](NC(=O)[C@@H]1CSSC[C@H](NC(=O)[C@@H](CC2=CC=CC=C2)NC(=O)CN2CCN(CC(O)=O)CCN(CC([O-])=O)CCN(CC([O-])=O)CC2)C(=O)N[C@@H](CC2=CC=C(O)C=C2)C(=O)N[C@H](CC2=CNC3=C2C=CC=C3)C(=O)N[C@@H](CCCCN)C(=O)N[C@@H]([C@@H](C)O)C(=O)N1)C(O)=O,approved,missing,Safe,0
2670,missing,[Fe++].[Fe++].OCC(O)COP([O-])([O-])=O.OCCC(CCO)OP([O-])([O-])=O,approved; experimental,missing,Safe,0
2671,missing,[Na+].[H][C@]12CC[C@@](CS([O-])(=O)=O)(C(=O)C1)C2(C)C,approved; experimental,missing,Safe,0
2672,missing,NCC1=CC(=CC=C1)N1N=C(C=C1C(=O)NC1=CC(=CC=C1F)[C@H](NCC1CC1)C1=CC=CC(=C1)C#N)C(F)(F)F,approved,missing,Safe,0
2673,missing,[H+].[68Ga+3].OC(=O)CC[C@H](NC(=O)N[C@@H](CCCCNC(=O)CCCCCNC(=O)CCC1=CC=C([O-])C(CN(CCN(CC([O-])=O)CC2=CC(CCC(O)=O)=CC=C2[O-])CC([O-])=O)=C1)C(O)=O)C(O)=O,approved,missing,Safe,0
