,name,pubchem_cid,chembl_id,countries,toxicity_type,molecule_type,structure_type,therapeutic_flag,molecule_chembl_id,max_phase,atc_classifications,chirality,prodrug,oral,parenteral,topical,black_box_warning,availability_type,withdrawn_year,withdrawn_reason,withdrawn_country,withdrawn_class,alogp,aromatic_rings,cx_logd,cx_logp,cx_most_apka,cx_most_bpka,full_mwt,hba,hba_lipinski,hbd,hbd_lipinski,heavy_atoms,molecular_species,mw_freebase,mw_monoisotopic,num_lipinski_ro5_violations,num_ro5_violations,psa,qed_weighted,ro3_pass,rtb,parent_chembl_id,parent_smiles,parent_inchi_key,smiles,action_type,direct_interaction,disease_efficacy,molecular_mechanism,target_chembl_id,chembl_tox,withdrawn_withdrawn
0,Telaprevir,CID3010818,CHEMBL231813,USA,toxic_dermis,Protein,MOL,True,CHEMBL231813,4.0,J05AP02,1,0,True,False,False,1,1,,,,,2.45,1,2.58,2.58,11.86,0.30,679.86,8,13,4,4,49,NEUTRAL,679.86,679.4057,2,1,179.56,0.23,N,13,CHEMBL231813,CCC[C@H](NC(=O)[C@@H]1[C@H]2CCC[C@H]2CN1C(=O)[C@@H](NC(=O)[C@@H](NC(=O)c1cnccn1)C1CCCCC1)C(C)(C)C)C(=O)C(=O)NC1CC1,BBAWEDCPNXPBQM-GDEBMMAJSA-N,CCC[C@H](NC(=O)[C@@H]1[C@H]2CCC[C@H]2CN1C(=O)[C@@H](NC(=O)[C@@H](NC(=O)c1cnccn1)C1CCCCC1)C(C)(C)C)C(=O)C(=O)NC1CC1,missing,missing,missing,missing,missing,Safe,1
1,Ribavirin,CID37542,CHEMBL1643,USA;EU,toxic_respiratory,Small molecule,MOL,True,CHEMBL1643,4.0,J05AP01,1,1,True,False,True,1,1,,,,,-3.01,1,-2.77,-2.77,11.88,,244.21,8,9,4,5,17,NEUTRAL,244.21,244.0808,0,0,143.72,0.44,N,3,CHEMBL1643,NC(=O)c1ncn([C@@H]2O[C@H](CO)[C@@H](O)[C@H]2O)n1,IWUCXVSUMQZMFG-AFCXAGJDSA-N,NC(=O)c1ncn([C@@H]2O[C@H](CO)[C@@H](O)[C@H]2O)n1,missing,missing,missing,missing,missing,toxic_carcinogenic+toxic_hema+toxic_respiratory+toxic_teratogen,1
2,Ketoconazole,CID47576,CHEMBL295698,EU;AUS,toxic_hepa,Small molecule,MOL,False,CHEMBL295698,3.0,,1,0,False,False,False,0,,,,,,4.21,3,4.16,4.19,,6.42,531.44,7,8,0,0,36,NEUTRAL,531.44,530.1488,1,1,69.06,0.46,N,7,CHEMBL295698,CC(=O)N1CCN(c2ccc(OC[C@@H]3CO[C@@](Cn4ccnc4)(c4ccc(Cl)cc4Cl)O3)cc2)CC1,XMAYWYJOQHXEEK-ZEQKJWHPSA-N,CC(=O)N1CCN(c2ccc(OC[C@@H]3CO[C@@](Cn4ccnc4)(c4ccc(Cl)cc4Cl)O3)cc2)CC1,missing,missing,missing,missing,missing,Safe,1
3,Tetrazepam,CID25215,CHEMBL2105527,EU,toxic_dermis,Small molecule,MOL,False,CHEMBL2105527,4.0,M03BX07,2,0,False,False,False,0,-2,2013,,European Union,,3.61,1,3.14,3.14,,3.24,288.78,2,3,0,0,20,NEUTRAL,288.78,288.1029,0,0,32.67,0.78,N,1,CHEMBL2105527,CN1C(=O)CN=C(C2=CCCCC2)c2cc(Cl)ccc21,IQWYAQCHYZHJOS-UHFFFAOYSA-N,CN1C(=O)CN=C(C2=CCCCC2)c2cc(Cl)ccc21,missing,missing,missing,missing,missing,Safe,1
4,Clorazepate,CID2809,CHEMBL1213252,USA,toxic_systemic,Small molecule,MOL,True,CHEMBL1213252,4.0,,0,1,True,False,False,1,1,,,,,2.58,2,-0.22,3.21,3.32,,314.73,3,5,2,2,22,ACID,314.73,314.0458,0,0,78.76,0.84,N,2,CHEMBL1213252,O=C(O)C1N=C(c2ccccc2)c2cc(Cl)ccc2NC1=O,XDDJGVMJFWAHJX-UHFFFAOYSA-N,O=C(O)C1N=C(c2ccccc2)c2cc(Cl)ccc2NC1=O,missing,missing,missing,missing,missing,Safe,1
5,Celecoxib,CID2662,CHEMBL118,EU,toxic_cardio,Small molecule,MOL,True,CHEMBL118,4.0,M01AH01+L01XX33,2,0,True,False,False,1,1,2011,,European Union,,3.51,3,4.01,4.01,10.60,,381.38,4,5,1,2,26,NEUTRAL,381.38,381.0759,0,0,77.98,0.75,N,3,CHEMBL118,Cc1ccc(-c2cc(C(F)(F)F)nn2-c2ccc(S(N)(=O)=O)cc2)cc1,RZEKVGVHFLEQIL-UHFFFAOYSA-N,Cc1ccc(-c2cc(C(F)(F)F)nn2-c2ccc(S(N)(=O)=O)cc2)cc1,missing,missing,missing,missing,missing,toxic_cardio+toxic_gastro+toxic_neuro,1
6,Pioglitazone,CID4829,CHEMBL595,FRA;DEU,toxic_carcinogenic,Small molecule,MOL,True,CHEMBL595,4.0,A10BG03,0,0,True,False,False,1,1,,,,,3.16,2,2.74,3.33,6.66,5.60,356.45,5,5,1,1,25,NEUTRAL,356.45,356.1195,0,0,68.29,0.83,N,7,CHEMBL595,CCc1ccc(CCOc2ccc(CC3SC(=O)NC3=O)cc2)nc1,HYAFETHFCAUJAY-UHFFFAOYSA-N,CCc1ccc(CCOc2ccc(CC3SC(=O)NC3=O)cc2)nc1,missing,missing,missing,missing,missing,toxic_cardio,1
7,Dolasetron,CID3033818,CHEMBL2368925,DEU,toxic_cardio,Small molecule,MOL,True,CHEMBL2368925,4.0,A04AA04,1,0,True,True,False,0,1,,,,,2.52,2,2.32,2.33,12.18,5.68,324.38,4,5,1,1,24,NEUTRAL,324.38,324.1474,0,0,62.40,0.86,N,2,CHEMBL2368925,O=C(O[C@@H]1C[C@@H]2C[C@H]3C[C@H](C1)N2CC3=O)c1c[nH]c2ccccc12,UKTAZPQNNNJVKR-KJGYPYNMSA-N,O=C(O[C@@H]1C[C@@H]2C[C@H]3C[C@H](C1)N2CC3=O)c1c[nH]c2ccccc12,missing,missing,missing,missing,missing,Safe,1
8,Indoramin,CID33625,CHEMBL279516,GBR,toxic_cardio,Small molecule,MOL,True,CHEMBL279516,4.0,C02CA02,2,0,False,False,False,0,-1,,,,,3.60,3,1.58,3.19,,9.00,347.46,2,4,2,2,26,BASE,347.46,347.1998,0,0,48.13,0.74,N,5,CHEMBL279516,O=C(NC1CCN(CCc2c[nH]c3ccccc23)CC1)c1ccccc1,JXZZEXZZKAWDSP-UHFFFAOYSA-N,O=C(NC1CCN(CCc2c[nH]c3ccccc23)CC1)c1ccccc1,missing,missing,missing,missing,missing,Safe,1
9,Sitaxentan,CID216235,CHEMBL282724,DEU,toxic_hepa,Small molecule,MOL,True,CHEMBL282724,4.0,C02KX03,2,0,False,False,False,0,-2,2010,Liver toxicity,European Union,Hepatotoxicity,3.96,3,2.60,3.09,6.89,0.75,454.91,8,8,1,1,29,NEUTRAL,454.91,454.0060,0,0,107.73,0.56,N,6,CHEMBL282724,Cc1cc2c(cc1CC(=O)c1sccc1S(=O)(=O)Nc1onc(C)c1Cl)OCO2,PHWXUGHIIBDVKD-UHFFFAOYSA-N,Cc1cc2c(cc1CC(=O)c1sccc1S(=O)(=O)Nc1onc(C)c1Cl)OCO2,missing,missing,missing,missing,missing,Safe,1
10,Rosiglitazone,CID77999,CHEMBL121,EU,toxic_cardio,Small molecule,MOL,True,CHEMBL121,4.0,A10BG02,0,0,True,False,False,1,1,2010,Increased risk of ischaemic heart disease,European Union,Cardiotoxicity,2.49,2,2.21,2.45,6.84,6.23,357.44,6,6,1,1,25,NEUTRAL,357.44,357.1147,0,0,71.53,0.82,N,7,CHEMBL121,CN(CCOc1ccc(CC2SC(=O)NC2=O)cc1)c1ccccn1,YASAKCUCGLMORW-UHFFFAOYSA-N,CN(CCOc1ccc(CC2SC(=O)NC2=O)cc1)c1ccccn1,missing,missing,missing,missing,missing,toxic_cardio,1
11,Sibutramine,CID5210,CHEMBL1419,Worldwide,toxic_cardio,Small molecule,MOL,True,CHEMBL1419,4.0,A08AA10,0,0,True,False,False,0,-2,2010,cardiovascular; increased risk of heart attack and stroke,Canada; China; European Union; Hong Kong; India; New Zealand; United States,Cardiotoxicity; Neurotoxicity,4.74,1,2.86,5.20,,9.77,279.86,1,1,0,0,19,BASE,279.86,279.1754,0,0,3.24,0.75,N,5,CHEMBL1419,CC(C)CC(N(C)C)C1(c2ccc(Cl)cc2)CCC1,UNAANXDKBXWMLN-UHFFFAOYSA-N,CC(C)CC(N(C)C)C1(c2ccc(Cl)cc2)CCC1,missing,missing,missing,missing,missing,Safe,1
12,Bufexamac,CID2466,CHEMBL94394,EU,toxic_systemic,Small molecule,MOL,True,CHEMBL94394,4.0,M01AB17+M02AA09,2,0,False,False,False,0,-1,,,,,1.91,1,1.95,1.97,8.86,,223.27,3,4,2,2,16,NEUTRAL,223.27,223.1208,0,0,58.56,0.44,N,6,CHEMBL94394,CCCCOc1ccc(CC(=O)NO)cc1,MXJWRABVEGLYDG-UHFFFAOYSA-N,CCCCOc1ccc(CC(=O)NO)cc1,missing,missing,missing,missing,missing,Safe,1
13,Propoxyphene,CID10100,CHEMBL1213351,Worldwide,toxic_cardio,Small molecule,MOL,True,CHEMBL1213351,4.0,N02AC04,1,0,True,False,False,1,-2,2014,Serious toxicity to the heart,United States,Cardiotoxicity,4.28,2,2.80,4.90,,9.52,339.48,3,3,0,0,25,BASE,339.48,339.2198,0,0,29.54,0.67,N,8,CHEMBL1213351,CCC(=O)O[C@](Cc1ccccc1)(c1ccccc1)[C@H](C)CN(C)C,XLMALTXPSGQGBX-GCJKJVERSA-N,CCC(=O)O[C@](Cc1ccccc1)(c1ccccc1)[C@H](C)CN(C)C,missing,missing,missing,missing,missing,Safe,1
14,Orciprenaline,CID4086,CHEMBL776,GBR,toxic_cardio,Small molecule,MOL,True,CHEMBL776,4.0,R03AB03+R03CB03,0,0,True,False,True,0,1,,,,,1.13,1,-0.94,0.21,8.84,9.70,211.26,4,4,4,4,15,BASE,211.26,211.1208,0,0,72.72,0.60,N,4,CHEMBL776,CC(C)NCC(O)c1cc(O)cc(O)c1,LMOINURANNBYCM-UHFFFAOYSA-N,CC(C)NCC(O)c1cc(O)cc(O)c1,missing,missing,missing,missing,missing,Safe,1
15,Benfluorex,CID2318,CHEMBL400599,EU,toxic_cardio,Small molecule,MOL,False,CHEMBL400599,4.0,A10BX06,0,0,False,False,False,0,-2,2009,Cardiac valvulopathy; Pulmonary arterial hypertension,European Union,Cardiotoxicity; Respiratory toxicity,4.08,2,3.18,4.92,,9.14,351.37,3,3,1,1,25,BASE,351.37,351.1446,0,0,38.33,0.60,N,7,CHEMBL400599,CC(Cc1cccc(C(F)(F)F)c1)NCCOC(=O)c1ccccc1,CJAVTWRYCDNHSM-UHFFFAOYSA-N,CC(Cc1cccc(C(F)(F)F)c1)NCCOC(=O)c1ccccc1,missing,missing,missing,missing,missing,Safe,1
16,Rimonabant,CID104850,CHEMBL111,Worldwide,toxic_neuro,Small molecule,MOL,True,CHEMBL111,4.0,A08AX01,2,0,False,False,False,0,-2,2008,"Psychiatric effects, especially depression",European Union; Never approved in the United States,Psychiatric toxicity,5.94,3,5.91,5.91,10.80,1.68,463.80,4,5,1,1,30,NEUTRAL,463.80,462.0781,1,1,50.16,0.52,N,4,CHEMBL111,Cc1c(C(=O)NN2CCCCC2)nn(-c2ccc(Cl)cc2Cl)c1-c1ccc(Cl)cc1,JZCPYUJPEARBJL-UHFFFAOYSA-N,Cc1c(C(=O)NN2CCCCC2)nn(-c2ccc(Cl)cc2Cl)c1-c1ccc(Cl)cc1,missing,missing,missing,missing,missing,Safe,1
17,Lumiracoxib,CID151166,CHEMBL404108,Worldwide,toxic_hepa,Small molecule,MOL,True,CHEMBL404108,4.0,M01AH06,2,0,False,False,False,0,-2,2007,Liver injury,European Union,Hepatotoxicity,4.16,2,1.22,4.31,4.11,,293.73,2,3,2,2,20,ACID,293.73,293.0619,0,0,49.33,0.89,N,4,CHEMBL404108,Cc1ccc(Nc2c(F)cccc2Cl)c(CC(=O)O)c1,KHPKQFYUPIUARC-UHFFFAOYSA-N,Cc1ccc(Nc2c(F)cccc2Cl)c(CC(=O)O)c1,missing,missing,missing,missing,missing,Safe,1
18,Tegaserod,CID5362436,CHEMBL76370,USA,toxic_cardio,Small molecule,MOL,True,CHEMBL76370,4.0,A06AX06,2,0,True,False,False,0,-2,2007,"Risk for heart attack, stroke, and unstable angina",United States,Cardiotoxicity; Neurotoxicity,2.81,2,1.84,2.95,,8.50,301.39,3,6,4,4,22,BASE,301.39,301.1903,0,0,85.29,0.27,N,7,CHEMBL76370,CCCCCNC(=N)N/N=C/c1c[nH]c2ccc(OC)cc12,IKBKZGMPCYNSLU-RGVLZGJSSA-N,CCCCCNC(=N)N/N=C/c1c[nH]c2ccc(OC)cc12,missing,missing,missing,missing,missing,Safe,1
19,Pergolide,CID47811,CHEMBL531,USA,toxic_cardio,Small molecule,MOL,True,CHEMBL531,4.0,N04BC02,1,0,True,False,False,0,-2,2007,Risk for heart valve damage,United States,Cardiotoxicity,4.27,2,2.15,4.23,,9.49,314.50,2,2,1,1,22,BASE,314.50,314.1817,0,0,19.03,0.91,N,4,CHEMBL531,CCCN1C[C@H](CSC)C[C@@H]2c3cccc4[nH]cc(c34)C[C@H]21,YEHCICAEULNIGD-MZMPZRCHSA-N,CCCN1C[C@H](CSC)C[C@@H]2c3cccc4[nH]cc(c34)C[C@H]21,missing,missing,missing,missing,missing,Safe,1
20,Clobutinol,CID26937,CHEMBL1474889,FRA,toxic_cardio,Small molecule,MOL,False,CHEMBL1474889,4.0,R05DB03,0,0,False,False,False,0,-2,2007,Cardiovascular,European Union,Cardiotoxicity,2.83,1,0.99,3.00,,9.41,255.79,2,2,1,1,17,BASE,255.79,255.1390,0,0,23.47,0.87,N,5,CHEMBL1474889,CC(CN(C)C)C(C)(O)Cc1ccc(Cl)cc1,KVHHQGIIZCJATJ-UHFFFAOYSA-N,CC(CN(C)C)C(C)(O)Cc1ccc(Cl)cc1,missing,missing,missing,missing,missing,Safe,1
21,Clarisoprodol,CID2576,CHEMBL1233,SWE,toxic_systemic,Small molecule,MOL,True,CHEMBL1233,4.0,M03BA72+M03BA02+M03BA52,0,0,True,False,False,0,1,2007,"Increased risk of abuse or addiction, intoxication and events related to psychomotor impairment",European Union,Misuse,2.02,0,1.92,1.92,,,260.33,4,6,2,3,18,NEUTRAL,260.33,260.1736,0,0,90.65,0.73,N,7,CHEMBL1233,CCCC(C)(COC(N)=O)COC(=O)NC(C)C,OFZCIYFFPZCNJE-UHFFFAOYSA-N,CCCC(C)(COC(N)=O)COC(=O)NC(C)C,missing,missing,missing,missing,missing,Safe,1
22,Ximelagatran,CID5478933,CHEMBL522038,DEU,toxic_hepa,Small molecule,MOL,False,CHEMBL522038,4.0,B01AE05,1,0,False,False,False,0,-2,2006,,Worldwide,,1.10,1,0.84,0.87,8.69,14.99,473.57,7,10,4,5,34,BASE,473.57,473.2638,0,0,146.35,0.13,N,10,CHEMBL522038,CCOC(=O)CN[C@@H](C(=O)N1CC[C@H]1C(=O)NCc1ccc(/C(N)=N\O)cc1)C1CCCCC1,ZXIBCJHYVWYIKI-PZJWPPBQSA-N,CCOC(=O)CN[C@@H](C(=O)N1CC[C@H]1C(=O)NCc1ccc(/C(N)=N\O)cc1)C1CCCCC1,missing,missing,missing,missing,missing,Safe,1
23,Gatifloxacin,CID5379,CHEMBL31,USA,toxic_cardio,Small molecule,MOL,True,CHEMBL31,4.0,S01AE06+J01MA16,0,0,True,True,True,0,1,2006,Increased risk of dysglycemia,United States,Gastrotoxicity,1.98,2,-0.61,-0.61,5.49,8.73,375.40,6,7,2,2,27,ZWITTERION,375.40,375.1594,0,0,83.80,0.85,N,4,CHEMBL31,COc1c(N2CCNC(C)C2)c(F)cc2c(=O)c(C(=O)O)cn(C3CC3)c12,XUBOMFCQGDBHNK-UHFFFAOYSA-N,COc1c(N2CCNC(C)C2)c(F)cc2c(=O)c(C(=O)O)cn(C3CC3)c12,missing,missing,missing,missing,missing,Safe,1
24,Torcetrapib,CID159325,CHEMBL479527,Worldwide,toxic_cardio,Small molecule,MOL,False,CHEMBL479527,3.0,,1,0,False,False,False,0,,,,,,8.20,2,7.08,7.08,,,600.48,4,6,0,0,41,NEUTRAL,600.48,600.1671,2,2,59.08,0.32,N,5,CHEMBL479527,CCOC(=O)N1c2ccc(C(F)(F)F)cc2[C@@H](N(Cc2cc(C(F)(F)F)cc(C(F)(F)F)c2)C(=O)OC)C[C@H]1CC,CMSGWTNRGKRWGS-NQIIRXRSSA-N,CCOC(=O)N1c2ccc(C(F)(F)F)cc2[C@@H](N(Cc2cc(C(F)(F)F)cc(C(F)(F)F)c2)C(=O)OC)C[C@H]1CC,INHIBITOR,True,True,True,CHEMBL3572,Safe,1
25,Alatrofloxacin,CID3086677,CHEMBL1201197,Worldwide,toxic_hepa,Small molecule,MOL,True,CHEMBL1201197,4.0,,1,1,False,True,False,0,-2,2006,Liver toxicity; Serious liver injury leading to liver transplant; Death,European Union; United States,Hepatotoxicity,0.90,3,-0.92,-0.88,5.52,8.09,558.52,8,11,4,5,40,ACID,558.52,558.1839,2,1,159.65,0.33,N,7,CHEMBL1201197,C[C@H](N)C(=O)N[C@@H](C)C(=O)N[C@H]1[C@@H]2CN(c3nc4c(cc3F)c(=O)c(C(=O)O)cn4-c3ccc(F)cc3F)C[C@@H]21,UUZPPAMZDFLUHD-VUJLHGSVSA-N,C[C@H](N)C(=O)N[C@@H](C)C(=O)N[C@H]1[C@@H]2CN(c3nc4c(cc3F)c(=O)c(C(=O)O)cn4-c3ccc(F)cc3F)C[C@@H]21,missing,missing,missing,missing,missing,Safe,1
26,Veralipride,CID47979,CHEMBL2105581,Worldwide,toxic_cardio,Small molecule,MOL,True,CHEMBL2105581,4.0,N05AL06,0,0,False,False,False,0,-2,2005,"Depression, anxiety, sleep disorders, tremor (shaking) and tardive dyskinesia",Spain,Dermatological toxicity; Neurotoxicity; Psychiatric toxicity,0.73,1,0.03,0.55,10.06,7.77,383.47,6,8,2,3,26,NEUTRAL,383.47,383.1515,0,0,110.96,0.64,N,8,CHEMBL2105581,C=CCN1CCCC1CNC(=O)c1cc(S(N)(=O)=O)cc(OC)c1OC,RYJXBGGBZJGVQF-UHFFFAOYSA-N,C=CCN1CCCC1CNC(=O)c1cc(S(N)(=O)=O)cc(OC)c1OC,missing,missing,missing,missing,missing,Safe,1
27,Bicalutamide,CID2375,CHEMBL409,BEL,toxic_cardio,Small molecule,MOL,True,CHEMBL409,4.0,L02BB03,0,0,True,False,False,0,1,,,,,2.88,2,2.71,2.71,11.78,,430.38,5,6,2,2,29,NEUTRAL,430.38,430.0610,0,0,107.26,0.56,N,5,CHEMBL409,CC(O)(CS(=O)(=O)c1ccc(F)cc1)C(=O)Nc1ccc(C#N)c(C(F)(F)F)c1,LKJPYSCBVHEWIU-UHFFFAOYSA-N,CC(O)(CS(=O)(=O)c1ccc(F)cc1)C(=O)Nc1ccc(C#N)c(C(F)(F)F)c1,missing,missing,missing,missing,missing,Safe,1
28,Hydromorphone,CID5284570,CHEMBL398707,USA,toxic_systemic,Small molecule,MOL,True,CHEMBL398707,4.0,N02AA03,1,0,True,True,False,1,1,,,,,1.63,1,0.58,1.62,10.11,8.59,285.34,4,4,1,1,21,BASE,285.34,285.1365,0,0,49.77,0.79,N,0,CHEMBL398707,CN1CC[C@]23c4c5ccc(O)c4O[C@H]2C(=O)CC[C@H]3[C@H]1C5,WVLOADHCBXTIJK-YNHQPCIGSA-N,CN1CC[C@]23c4c5ccc(O)c4O[C@H]2C(=O)CC[C@H]3[C@H]1C5,missing,missing,missing,missing,missing,toxic_respiratory,1
29,Thioridazine,CID5452,CHEMBL479,DUE; GBR,toxic_cardio,Small molecule,MOL,True,CHEMBL479,4.0,N05AC02,0,0,True,False,False,1,-2,2005,Cardiac arrythmias,United Kingdom; Worldwide,Cardiotoxicity,5.89,2,3.93,5.47,,8.93,370.59,4,2,0,0,25,BASE,370.59,370.1537,1,1,6.48,0.62,N,4,CHEMBL479,CSc1ccc2c(c1)N(CCC1CCCCN1C)c1ccccc1S2,KLBQZWRITKRQQV-UHFFFAOYSA-N,CSc1ccc2c(c1)N(CCC1CCCCN1C)c1ccccc1S2,missing,missing,missing,missing,missing,toxic_cardio+infections,1
30,Amphetamine,CID3007,CHEMBL405,CAN,toxic_cardio,Small molecule,MOL,True,CHEMBL405,4.0,N06BA01,0,0,True,False,False,1,1,,,,,1.58,1,-0.67,1.80,,10.01,135.21,1,1,1,2,10,BASE,135.21,135.1048,0,0,26.02,0.65,Y,2,CHEMBL405,CC(N)Cc1ccccc1,KWTSXDURSIMDCE-UHFFFAOYSA-N,CC(N)Cc1ccccc1,missing,missing,missing,missing,missing,toxic_cardio,1
31,Valdecoxib,CID119607,CHEMBL865,USA,toxic_cardio,Small molecule,MOL,True,CHEMBL865,4.0,M01AH03,2,0,True,False,False,1,-1,2004,Risk for heart attack and stroke,United States,Cardiotoxicity; Neurotoxicity,2.96,3,2.82,2.82,10.06,0.42,314.37,4,5,1,2,22,NEUTRAL,314.37,314.0725,0,0,86.19,0.80,N,3,CHEMBL865,Cc1onc(-c2ccccc2)c1-c1ccc(S(N)(=O)=O)cc1,LNPDTQAFDNKSHK-UHFFFAOYSA-N,Cc1onc(-c2ccccc2)c1-c1ccc(S(N)(=O)=O)cc1,missing,missing,missing,missing,missing,Safe,1
32,Rofecoxib,CID5090,CHEMBL122,USA,toxic_cardio,Small molecule,MOL,True,CHEMBL122,4.0,M01AH02,2,0,True,False,False,1,-2,2004,Risk for heart attack and stroke,United States,Cardiotoxicity; Neurotoxicity,2.56,2,2.56,2.56,13.12,,314.36,4,4,0,0,22,NEUTRAL,314.36,314.0613,0,0,60.44,0.82,N,3,CHEMBL122,CS(=O)(=O)c1ccc(C2=C(c3ccccc3)C(=O)OC2)cc1,RZJQGNCSTQAWON-UHFFFAOYSA-N,CS(=O)(=O)c1ccc(C2=C(c3ccccc3)C(=O)OC2)cc1,missing,missing,missing,missing,missing,Safe,1
33,Dofetilide,CID71329,CHEMBL473,DEU,toxic_cardio,Small molecule,MOL,True,CHEMBL473,4.0,C01BD04,2,0,True,False,False,1,1,,,,,1.98,2,-1.05,0.24,10.15,8.99,441.58,6,8,2,2,29,BASE,441.58,441.1392,0,0,104.81,0.55,N,11,CHEMBL473,CN(CCOc1ccc(NS(C)(=O)=O)cc1)CCc1ccc(NS(C)(=O)=O)cc1,IXTMWRCNAAVVAI-UHFFFAOYSA-N,CN(CCOc1ccc(NS(C)(=O)=O)cc1)CCc1ccc(NS(C)(=O)=O)cc1,missing,missing,missing,missing,missing,toxic_cardio,1
34,Temazepam,CID5391,CHEMBL967,AUS,toxic_respiratory,Small molecule,MOL,True,CHEMBL967,4.0,N05CD07,0,0,True,False,False,1,1,,,,,2.47,2,2.79,2.79,10.68,,300.75,3,4,1,1,21,NEUTRAL,300.75,300.0666,0,0,52.90,0.88,N,1,CHEMBL967,CN1C(=O)C(O)N=C(c2ccccc2)c2cc(Cl)ccc21,SEQDDYPDSLOBDC-UHFFFAOYSA-N,CN1C(=O)C(O)N=C(c2ccccc2)c2cc(Cl)ccc21,missing,missing,missing,missing,missing,Safe,1
35,Ethinylestradiol,CID5991,CHEMBL691,DEU,toxic_systemic,Small molecule,MOL,True,CHEMBL691,4.0,L02AA03+G03CA01,1,0,False,False,True,0,1,,,,,3.61,1,3.90,3.90,10.33,,296.41,2,2,2,2,22,NEUTRAL,296.41,296.1776,0,0,40.46,0.72,N,0,CHEMBL691,C#C[C@]1(O)CC[C@H]2[C@@H]3CCc4cc(O)ccc4[C@H]3CC[C@@]21C,BFPYWIDHMRZLRN-SLHNCBLASA-N,C#C[C@]1(O)CC[C@H]2[C@@H]3CCc4cc(O)ccc4[C@H]3CC[C@@]21C,missing,missing,missing,missing,missing,Safe,1
37,Nefazodone,CID4449,CHEMBL623,CAN;ESP;SGP;TUR;USA,toxic_hepa,Small molecule,MOL,True,CHEMBL623,4.0,N06AX06,2,0,True,False,False,1,1,,,,,3.55,3,4.48,4.65,,7.09,470.02,7,7,0,0,33,NEUTRAL,470.02,469.2245,0,0,55.53,0.45,N,10,CHEMBL623,CCc1nn(CCCN2CCN(c3cccc(Cl)c3)CC2)c(=O)n1CCOc1ccccc1,VRBKIVRKKCLPHA-UHFFFAOYSA-N,CCc1nn(CCCN2CCN(c3cccc(Cl)c3)CC2)c(=O)n1CCOc1ccccc1,missing,missing,missing,missing,missing,toxic_hepa+toxic_psyche,1
39,Benzbromarone,CID2333,CHEMBL388590,FRA,toxic_hepa,Small molecule,MOL,True,CHEMBL388590,4.0,M04AB03,2,0,False,False,False,0,-1,,,,,5.46,3,3.69,5.55,5.11,,424.09,3,3,1,1,22,ACID,424.09,421.9153,1,1,50.44,0.57,N,3,CHEMBL388590,CCc1oc2ccccc2c1C(=O)c1cc(Br)c(O)c(Br)c1,WHQCHUCQKNIQEC-UHFFFAOYSA-N,CCc1oc2ccccc2c1C(=O)c1cc(Br)c(O)c(Br)c1,missing,missing,missing,missing,missing,Safe,1
40,Repacuronium,CID5311399,CHEMBL1201352,USA,toxic_respiratory,Small molecule,MOL,True,CHEMBL1201352,4.0,,1,0,False,True,False,0,-2,2001,Fatal bronchospasm,United States,Respiratory toxicity,6.91,0,0.10,2.32,,9.65,597.91,5,6,0,0,43,BASE,597.91,597.4626,2,2,55.84,0.18,N,7,missing,missing,missing,C=CC[N+]1([C@H]2C[C@H]3[C@@H]4CC[C@H]5C[C@H](OC(C)=O)[C@@H](N6CCCCC6)C[C@]5(C)[C@H]4CC[C@]3(C)[C@H]2OC(=O)CC)CCCCC1,missing,missing,missing,missing,missing,Safe,1
41,Cerivastatin,CID446156,CHEMBL1477,Worldwide,toxic_muscoskelet,Small molecule,MOL,True,CHEMBL1477,4.0,C10AA06,1,0,True,False,False,0,-2,2001,Rhabdomyolysis _ kidney failure and muscle damage,United States,Musculoskeletal toxicity; Nephrotoxicity,4.88,2,1.15,2.67,4.05,5.58,459.56,5,6,3,3,33,ACID,459.56,459.2421,0,0,99.88,0.44,N,11,CHEMBL1477,COCc1c(C(C)C)nc(C(C)C)c(/C=C/[C@@H](O)C[C@@H](O)CC(=O)O)c1-c1ccc(F)cc1,SEERZIQQUAZTOL-ANMDKAQQSA-N,COCc1c(C(C)C)nc(C(C)C)c(/C=C/[C@@H](O)C[C@@H](O)CC(=O)O)c1-c1ccc(F)cc1,missing,missing,missing,missing,missing,Safe,1
42,Sparfloxacin,CID60464,CHEMBL850,USA,toxic_cardio,Small molecule,MOL,True,CHEMBL850,4.0,J01MA09,1,0,True,False,False,0,-2,2001,QT prolongation and phototoxicity,United States,Cardiotoxicity; Dermatological toxicity,2.08,2,-0.07,-0.07,5.56,8.79,392.41,6,7,3,4,28,ZWITTERION,392.41,392.1660,0,0,100.59,0.69,N,3,CHEMBL850,C[C@H]1CN(c2c(F)c(N)c3c(=O)c(C(=O)O)cn(C4CC4)c3c2F)C[C@@H](C)N1,DZZWHBIBMUVIIW-DTORHVGOSA-N,C[C@H]1CN(c2c(F)c(N)c3c(=O)c(C(=O)O)cn(C4CC4)c3c2F)C[C@@H](C)N1,missing,missing,missing,missing,missing,Safe,1
43,Droperidol,CID3168,CHEMBL1108,GBR; IDN,toxic_cardio,Small molecule,MOL,True,CHEMBL1108,4.0,N05AD08,2,0,False,True,False,1,1,,,,,3.68,3,2.93,3.01,12.72,6.75,379.44,4,5,1,1,28,NEUTRAL,379.44,379.1696,0,0,58.10,0.66,N,6,CHEMBL1108,O=C(CCCN1CC=C(n2c(=O)[nH]c3ccccc32)CC1)c1ccc(F)cc1,RMEDXOLNCUSCGS-UHFFFAOYSA-N,O=C(CCCN1CC=C(n2c(=O)[nH]c3ccccc32)CC1)c1ccc(F)cc1,missing,missing,missing,missing,missing,toxic_cardio,1
44,Alosetron,CID2099,CHEMBL1110,USA,toxic_gastro,Small molecule,MOL,True,CHEMBL1110,4.0,A03AE01,2,0,True,False,False,1,1,,,,,2.41,3,1.12,1.21,13.32,6.81,294.36,3,5,1,1,22,NEUTRAL,294.36,294.1481,0,0,53.92,0.79,Y,2,CHEMBL1110,Cc1[nH]cnc1CN1CCc2c(c3ccccc3n2C)C1=O,JSWZEAMFRNKZNL-UHFFFAOYSA-N,Cc1[nH]cnc1CN1CCc2c(c3ccccc3n2C)C1=O,missing,missing,missing,missing,missing,toxic_gastro,1
45,Troglitazone,CID5591,CHEMBL408,CHL;DEU;GBR;PER;USA,toxic_hepa,Small molecule,MOL,True,CHEMBL408,4.0,A10BG01,0,0,True,False,False,0,-2,1997,Hepatotoxicity,United States,Hepatotoxicity,4.37,2,4.67,5.50,6.61,,441.55,6,6,2,2,31,NEUTRAL,441.55,441.1610,0,0,84.86,0.72,N,5,CHEMBL408,Cc1c(C)c2c(c(C)c1O)CCC(C)(COc1ccc(CC3SC(=O)NC3=O)cc1)O2,GXPHKUHSUJUWKP-UHFFFAOYSA-N,Cc1c(C)c2c(c(C)c1O)CCC(C)(COc1ccc(CC3SC(=O)NC3=O)cc1)O2,missing,missing,missing,missing,missing,Safe,1
47,Amfepramone Hydrocloride,CID7029,CHEMBL1194666,FRA;GBR;TUR;OMN;SWEtoxic_cardio,,Small molecule,MOL,True,CHEMBL1194666,4.0,A08AA03,0,0,True,False,False,0,1,,,,,2.60,1,2.38,2.70,,7.44,205.30,2,2,0,0,15,NEUTRAL,205.30,205.1467,0,0,20.31,0.69,N,5,CHEMBL1194666,CCN(CC)C(C)C(=O)c1ccccc1,XXEPPPIWZFICOJ-UHFFFAOYSA-N,CCN(CC)C(C)C(=O)c1ccccc1,missing,missing,missing,missing,missing,Safe,1
48,Phenylpropanolamine,CID4786,CHEMBL61006,CAN; USA,toxic_cardio,Small molecule,MOL,True,CHEMBL61006,4.0,R01BA01+R01BA51,0,0,True,False,False,0,-2,2002,Increased risk of hemorrhagic stroke,United States,Neurotoxicity,1.07,1,-1.05,0.89,13.90,9.37,151.21,2,2,2,3,11,BASE,151.21,151.0997,0,0,46.25,0.66,Y,2,CHEMBL61006,CC(N)C(O)c1ccccc1,DLNKOYKMWOXYQA-UHFFFAOYSA-N,CC(N)C(O)c1ccccc1,missing,missing,missing,missing,missing,Safe,1
50,Trovafloxacin,CID62959,CHEMBL428,EU; USA,toxic_hepa,Small molecule,MOL,True,CHEMBL428,4.0,J01MA13,1,0,False,False,False,0,-1,,,,,1.89,3,0.14,0.14,5.22,9.44,416.36,6,7,2,3,30,ZWITTERION,416.36,416.1096,0,0,101.45,0.68,N,3,CHEMBL428,N[C@H]1[C@@H]2CN(c3nc4c(cc3F)c(=O)c(C(=O)O)cn4-c3ccc(F)cc3F)C[C@H]12,WVPSKSLAZQPAKQ-CDMJZVDBSA-N,N[C@H]1[C@@H]2CN(c3nc4c(cc3F)c(=O)c(C(=O)O)cn4-c3ccc(F)cc3F)C[C@H]12,missing,missing,missing,missing,missing,Safe,1
51,Grepafloxacin,CID72474,CHEMBL583,DEU;GBR;USA,toxic_cardio,Small molecule,MOL,True,CHEMBL583,4.0,J01MA11,0,0,True,False,False,0,-2,1999,Cardiac repolarization; QTc interval prolongation,United States; United Kingdom; United States; Germany,Cardiotoxicity,2.28,2,0.08,0.08,5.68,8.77,359.40,5,6,2,2,26,ZWITTERION,359.40,359.1645,0,0,74.57,0.88,N,3,CHEMBL583,Cc1c(F)c(N2CCNC(C)C2)cc2c1c(=O)c(C(=O)O)cn2C1CC1,AIJTTZAVMXIJGM-UHFFFAOYSA-N,Cc1c(F)c(N2CCNC(C)C2)cc2c1c(=O)c(C(=O)O)cn2C1CC1,missing,missing,missing,missing,missing,Safe,1
52,Cisapride,CID2769,CHEMBL1729,ARM; BDS; BHR; CAN; CUB; DEU; GBR; IDN; JPN; MUS; OMN; PHL; SGP; TUR; USA,toxic_cardio,Small molecule,MOL,True,CHEMBL1729,4.0,A03FA02,0,0,True,False,False,0,-2,2000,Fatal arrhythmia,United States,Cardiotoxicity,3.36,2,1.59,2.49,,8.24,465.95,6,7,2,3,32,NEUTRAL,465.95,465.1831,0,0,86.05,0.44,N,9,CHEMBL1729,COc1cc(N)c(Cl)cc1C(=O)NC1CCN(CCCOc2ccc(F)cc2)CC1OC,DCSUBABJRXZOMT-UHFFFAOYSA-N,COc1cc(N)c(Cl)cc1C(=O)NC1CCN(CCCOc2ccc(F)cc2)CC1OC,missing,missing,missing,missing,missing,Safe,1
53,Levamisole,CID26879,CHEMBL1454,USA,toxic_hema,Small molecule,MOL,True,CHEMBL1454,4.0,P02CE01,1,0,True,False,False,0,0,,,,,2.15,1,2.22,2.36,,6.98,204.30,3,2,0,0,14,NEUTRAL,204.30,204.0721,0,0,15.60,0.70,Y,1,CHEMBL1454,c1ccc([C@H]2CN3CCSC3=N2)cc1,HLFSDGLLUJUHTE-SNVBAGLBSA-N,c1ccc([C@H]2CN3CCSC3=N2)cc1,missing,missing,missing,missing,missing,Safe,1
55,Amineptine,CID34870,CHEMBL418995,ARE;BDS;EU;FRA;MAR;THA;USA;VTN,"toxic_hepa, toxic_dermis",Small molecule,MOL,False,CHEMBL418995,4.0,N06AA19,2,0,False,False,False,0,-2,1999,Abuse; Dependence; Severe Acne,France; Thailand,Dermatological toxicity; Misuse,4.50,2,2.74,2.74,4.41,9.17,337.46,2,3,2,2,25,ZWITTERION,337.46,337.2042,0,0,49.33,0.70,N,8,CHEMBL418995,O=C(O)CCCCCCNC1c2ccccc2CCc2ccccc21,ONNOFKFOZAJDHT-UHFFFAOYSA-N,O=C(O)CCCCCCNC1c2ccccc2CCc2ccccc21,missing,missing,missing,missing,missing,Safe,1
56,Dicyclomine,CID3042,CHEMBL1123,USA,toxic_systemic,Small molecule,MOL,True,CHEMBL1123,4.0,A03AA07,2,0,True,True,False,0,1,,,,,4.40,0,3.36,4.93,,8.96,309.49,3,3,0,0,22,BASE,309.49,309.2668,0,0,29.54,0.65,N,7,CHEMBL1123,CCN(CC)CCOC(=O)C1(C2CCCCC2)CCCCC1,CURUTKGFNZGFSE-UHFFFAOYSA-N,CCN(CC)CCOC(=O)C1(C2CCCCC2)CCCCC1,missing,missing,missing,missing,missing,Safe,1
57,Tolcapone,CID4659569,CHEMBL1324,AUS;BGR;CAN;EU;GBR;ISL;LTH,toxic_hepa,Small molecule,MOL,True,CHEMBL1324,4.0,N04BX01,2,0,True,False,False,1,1,1998,Hepatotoxicity,European Union; Canada; Ireland; Portugal; Australia,Hepatotoxicity,2.55,2,1.69,3.28,5.59,,273.24,5,6,2,2,20,ACID,273.24,273.0637,0,0,100.67,0.39,N,3,CHEMBL1324,Cc1ccc(C(=O)c2cc(O)c(O)c([N+](=O)[O-])c2)cc1,MIQPIUSUKVNLNT-UHFFFAOYSA-N,Cc1ccc(C(=O)c2cc(O)c(O)c([N+](=O)[O-])c2)cc1,missing,missing,missing,missing,missing,toxic_hepa,1
58,Bromfenac,CID60726,CHEMBL1077,SAU;USA,toxic_hepa,Small molecule,MOL,True,CHEMBL1077,4.0,S01BC11,2,0,False,False,True,0,1,1998,Severe hepatitis and liver failure (some requiring transplantation); Hepatic Failure; Off-Label Abuse,Saudi Arabia; United States,Hepatotoxicity; Misuse,2.89,2,0.40,3.66,3.81,1.59,334.17,3,4,2,3,20,ACID,334.17,333.0001,0,0,80.39,0.67,N,4,CHEMBL1077,Nc1c(CC(=O)O)cccc1C(=O)c1ccc(Br)cc1,ZBPLOVFIXSTCRZ-UHFFFAOYSA-N,Nc1c(CC(=O)O)cccc1C(=O)c1ccc(Br)cc1,missing,missing,missing,missing,missing,toxic_hepa,1
59,Ebrotidine,CID65869,CHEMBL1742471,ESP; PER,toxic_hepa,Small molecule,MOL,False,CHEMBL1742471,4.0,,2,0,False,False,False,0,-2,1998,Hepatotoxicity,Spain,Hepatotoxicity,2.45,2,1.08,1.79,,8.02,477.44,6,8,4,5,26,NEUTRAL,477.44,475.9758,0,0,133.32,0.25,N,9,CHEMBL1742471,N=C(N)Nc1nc(CSCCN/C=N/S(=O)(=O)c2ccc(Br)cc2)cs1,ZQHFZHPUZXNPMF-UHFFFAOYSA-N,N=C(N)Nc1nc(CSCCN/C=N/S(=O)(=O)c2ccc(Br)cc2)cs1,missing,missing,missing,missing,missing,Safe,1
60,Sertindole,CID60149,CHEMBL12713,EU,toxic_cardio,Small molecule,MOL,True,CHEMBL12713,4.0,N05AE03,2,0,False,False,False,0,-2,1998,Arrhythmias and Sudden Cardiac Death (Arrhythmias and Sudden),United Kingdom; Germany; Italy; Ireland; Netherlands; European Union,Cardiotoxicity,4.63,3,2.96,4.15,,8.56,440.95,3,5,1,1,31,BASE,440.95,440.1779,0,0,40.51,0.63,N,5,CHEMBL12713,O=C1NCCN1CCN1CCC(c2cn(-c3ccc(F)cc3)c3ccc(Cl)cc23)CC1,GZKLJWGUPQBVJQ-UHFFFAOYSA-N,O=C1NCCN1CCN1CCC(c2cn(-c3ccc(F)cc3)c3ccc(Cl)cc23)CC1,missing,missing,missing,missing,missing,Safe,1
61,Proxibarbal,CID17336,CHEMBL2105233,ESP;FRA;ITA;PRT;TUR,toxic_dermis,Small molecule,MOL,False,CHEMBL2105233,4.0,N05CA22,0,0,False,False,False,0,-2,1998,lmmunoallergic Thrombocytopenia,Spain; France; Italy; Portugal; Turkey,Hematological toxicity; Immune system toxicity,-0.31,0,-0.58,-0.16,7.18,,226.23,4,6,3,3,16,NEUTRAL,226.23,226.0954,0,0,95.50,0.45,N,4,CHEMBL2105233,C=CCC1(CC(C)O)C(=O)NC(=O)NC1=O,VNLMRPAWAMPLNZ-UHFFFAOYSA-N,C=CCC1(CC(C)O)C(=O)NC(=O)NC1=O,missing,missing,missing,missing,missing,Safe,1
63,Terfenadine,CID5405,CHEMBL17157,ARG;BRA;CHL;EU;ISL;MUS;OMN;SAU;SGP,toxic_cardio,Small molecule,MOL,True,CHEMBL17157,4.0,R06AX12,0,1,False,False,False,0,-2,1998,Prolonged QT interval; ventricular tachycardia,United States; France; Oman; Saudi Arabia,Cardiotoxicity,6.45,3,4.85,6.48,13.20,9.02,471.69,3,3,2,2,35,BASE,471.69,471.3137,1,1,43.70,0.40,N,8,CHEMBL17157,CC(C)(C)c1ccc(C(O)CCCN2CCC(C(O)(c3ccccc3)c3ccccc3)CC2)cc1,GUGOEEXESWIERI-UHFFFAOYSA-N,CC(C)(C)c1ccc(C(O)CCCN2CCC(C(O)(c3ccccc3)c3ccccc3)CC2)cc1,missing,missing,missing,missing,missing,Safe,1
64,Pemoline,CID4723,CHEMBL1177,CAN;GBR,toxic_hepa,Small molecule,MOL,True,CHEMBL1177,4.0,N06BA05,0,0,True,False,False,1,-2,1997,Hepatic toxicity,Canada; United Kingdom,Hepatotoxicity,0.60,1,0.80,0.80,,,176.18,3,4,1,2,13,NEUTRAL,176.18,176.0586,0,0,64.68,0.68,N,1,CHEMBL1177,NC1=NC(=O)C(c2ccccc2)O1,NRNCYVBFPDDJNE-UHFFFAOYSA-N,NC1=NC(=O)C(c2ccccc2)O1,missing,missing,missing,missing,missing,Safe,1
65,Dexfenfluramine,CID66265,CHEMBL248702,EU;GBR;USA,toxic_cardio,Small molecule,MOL,True,CHEMBL248702,4.0,A08AA04,1,0,False,False,False,0,-2,1997,Cardiac valvular disease,United Kingdom; United States; European Union; Canada; Malasia; India; Saudi Arabia,Cardiotoxicity,3.25,1,0.79,3.47,,10.22,231.26,1,1,1,1,16,BASE,231.26,231.1235,0,0,12.03,0.84,N,4,CHEMBL248702,CCN[C@@H](C)Cc1cccc(C(F)(F)F)c1,DBGIVFWFUFKIQN-VIFPVBQESA-N,CCN[C@@H](C)Cc1cccc(C(F)(F)F)c1,missing,missing,missing,missing,missing,Safe,1
68,Minaprine,CID4199,CHEMBL278819,FRA,toxic_neuro,Small molecule,MOL,True,CHEMBL278819,4.0,N06AX07,2,0,False,False,False,0,-2,1996,Convulsions,France,Neurotoxicity,2.20,2,2.16,2.19,,6.28,298.39,5,5,1,1,22,NEUTRAL,298.39,298.1794,0,0,50.28,0.92,N,5,CHEMBL278819,Cc1cc(-c2ccccc2)nnc1NCCN1CCOCC1,LDMWSLGGVTVJPG-UHFFFAOYSA-N,Cc1cc(-c2ccccc2)nnc1NCCN1CCOCC1,missing,missing,missing,missing,missing,Safe,1
69,Tolrestat,CID53359,CHEMBL436,Worldwide,toxic_hepa,Small molecule,MOL,True,CHEMBL436,4.0,A10XA01,2,0,False,False,False,0,-2,1996,Hepatic necrosis,Canada; Italy; Argentina,Hepatotoxicity,3.56,2,0.16,3.35,3.95,,357.35,3,4,1,1,24,ACID,357.35,357.0646,0,0,49.77,0.85,N,4,CHEMBL436,COc1ccc2c(C(=S)N(C)CC(=O)O)cccc2c1C(F)(F)F,LUBHDINQXIHVLS-UHFFFAOYSA-N,COc1ccc2c(C(=S)N(C)CC(=O)O)cccc2c1C(F)(F)F,missing,missing,missing,missing,missing,Safe,1
70,Nifedipine,CID4485,CHEMBL193,,toxic_cardio,Small molecule,MOL,True,CHEMBL193,4.0,C08CA05+C08CA55,2,0,True,False,False,0,1,,,,,2.18,1,1.82,1.82,,,346.34,7,8,1,1,25,NEUTRAL,346.34,346.1165,0,0,107.77,0.51,N,4,CHEMBL193,COC(=O)C1=C(C)NC(C)=C(C(=O)OC)C1c1ccccc1[N+](=O)[O-],HYIMSNHJOBLJNT-UHFFFAOYSA-N,COC(=O)C1=C(C)NC(C)=C(C(=O)OC)C1c1ccccc1[N+](=O)[O-],missing,missing,missing,missing,missing,Safe,1
71,Flunitrazepam,CID3380,CHEMBL13280,FRA,toxic_systemic,Small molecule,MOL,True,CHEMBL13280,4.0,N05CD03,2,0,False,False,False,0,-2,1996,Abuse,France; unapproved in United States,Misuse,2.55,2,2.55,2.55,,1.72,313.29,4,6,0,0,23,NEUTRAL,313.29,313.0863,0,0,75.81,0.63,N,2,CHEMBL13280,CN1C(=O)CN=C(c2ccccc2F)c2cc([N+](=O)[O-])ccc21,PPTYJKAXVCCBDU-UHFFFAOYSA-N,CN1C(=O)CN=C(c2ccccc2F)c2cc([N+](=O)[O-])ccc21,missing,missing,missing,missing,missing,Safe,1
72,Chlormezanone,CID2717,CHEMBL1200714,Worldwide,toxic_hepa,Small molecule,MOL,True,CHEMBL1200714,4.0,M03BB72+M03BB52+M03BB02,0,0,True,False,False,0,-2,1996,Hepatotoxicity; Steven-Johnson Syndrome; Toxic Epidermal Necrolysis,United States; European Union; Germany; France; Japan; Pakistan; Portugal; United Arab Emirates; Zimbabwe; Saudi Arabia,Dermatological toxicity; Hepatotoxicity,1.62,1,0.92,0.92,,,273.74,3,4,0,0,17,NEUTRAL,273.74,273.0226,0,0,54.45,0.78,Y,1,CHEMBL1200714,CN1C(=O)CCS(=O)(=O)C1c1ccc(Cl)cc1,WEQAYVWKMWHEJO-UHFFFAOYSA-N,CN1C(=O)CCS(=O)(=O)C1c1ccc(Cl)cc1,missing,missing,missing,missing,missing,Safe,1
73,Coumarin,CID323,CHEMBL6466,AUS;FRA,toxic_hepa,Small molecule,MOL,True,CHEMBL6466,4.0,,2,0,False,False,False,0,-1,,,,,1.79,2,1.78,1.78,,,146.14,2,2,0,0,11,,146.14,146.0368,0,0,30.21,0.53,Y,0,CHEMBL6466,O=c1ccc2ccccc2o1,ZYGHJZDHTFUPRJ-UHFFFAOYSA-N,O=c1ccc2ccccc2o1,missing,missing,missing,missing,missing,Safe,1
74,Ciprofibrate,CID2763,CHEMBL557555,FRA,toxic_muscoskelet,Small molecule,MOL,True,CHEMBL557555,4.0,C10AB08,0,0,False,False,False,0,-1,,,,,3.59,1,0.31,3.62,3.69,,289.16,2,3,1,1,18,ACID,289.16,288.0320,0,0,46.53,0.86,N,4,CHEMBL557555,CC(C)(Oc1ccc(C2CC2(Cl)Cl)cc1)C(=O)O,KPSRODZRAIWAKH-UHFFFAOYSA-N,CC(C)(Oc1ccc(C2CC2(Cl)Cl)cc1)C(=O)O,missing,missing,missing,missing,missing,Safe,1
77,Felbamate,CID3331,CHEMBL1094,USA;EU,toxic_neuro,Small molecule,MOL,True,CHEMBL1094,4.0,N03AX10,2,0,True,False,False,1,1,,,,,0.96,1,0.68,0.68,,,238.24,4,6,2,4,17,NEUTRAL,238.24,238.0954,0,0,104.64,0.80,N,5,CHEMBL1094,NC(=O)OCC(COC(N)=O)c1ccccc1,WKGXYQFOCVYPAC-UHFFFAOYSA-N,NC(=O)OCC(COC(N)=O)c1ccccc1,missing,missing,missing,missing,missing,toxic_hema+toxic_hepa,1
78,Alpidem,CID54897,CHEMBL54349,FRA,toxic_hepa,Small molecule,MOL,False,CHEMBL54349,4.0,,2,0,False,False,False,0,-2,1993,Hepatitis,France,Hepatotoxicity,5.50,3,4.96,4.96,,5.05,404.34,3,4,0,0,27,NEUTRAL,404.34,403.1218,1,1,37.61,0.52,N,7,CHEMBL54349,CCCN(CCC)C(=O)Cc1c(-c2ccc(Cl)cc2)nc2ccc(Cl)cn12,JRTIDHTUMYMPRU-UHFFFAOYSA-N,CCCN(CCC)C(=O)Cc1c(-c2ccc(Cl)cc2)nc2ccc(Cl)cn12,missing,missing,missing,missing,missing,Safe,1
79,Omerprazole,CID4594,CHEMBL1503,DEU,toxic_neuro,Small molecule,MOL,True,CHEMBL1503,4.0,A02BC01,0,1,True,False,False,0,2,,,,,2.90,3,2.43,2.43,9.68,4.77,345.42,5,6,1,1,24,NEUTRAL,345.42,345.1147,0,0,77.10,0.77,N,5,CHEMBL1503,COc1ccc2[nH]c([S+]([O-])Cc3ncc(C)c(OC)c3C)nc2c1,SUBDBMMJDZJVOS-UHFFFAOYSA-N,COc1ccc2[nH]c([S+]([O-])Cc3ncc(C)c(OC)c3C)nc2c1,missing,missing,missing,missing,missing,Safe,1
80,Bromocriptine Mesylate,CID31100,CHEMBL1200503,USA,toxic_neuro,Small molecule,MOL,True,CHEMBL1200503,4.0,,1,0,True,False,False,0,1,,,,,3.19,2,3.80,3.89,9.69,6.71,750.71,6,10,3,3,43,NEUTRAL,654.61,653.2213,1,1,118.21,0.46,N,5,CHEMBL493,CC(C)C[C@H]1C(=O)N2CCC[C@H]2[C@]2(O)O[C@](NC(=O)[C@@H]3C=C4c5cccc6[nH]c(Br)c(c56)C[C@H]4N(C)C3)(C(C)C)C(=O)N12,OZVBMTJYIDMWIL-AYFBDAFISA-N,CC(C)C[C@H]1C(=O)N2CCC[C@H]2[C@]2(O)O[C@](NC(=O)[C@@H]3C=C4c5cccc6[nH]c(Br)c(c56)C[C@H]4N(C)C3)(C(C)C)C(=O)N12.CS(=O)(=O)O,missing,missing,missing,missing,missing,Safe,1
81,Gentamicin,CID9898639,CHEMBL3039597,NLD;CAN,toxic_neuro,Small molecule,MOL,True,CHEMBL3039597,4.0,S01AA11+S02AA14+J01GB03+S03AA06+D06AX07,-1,0,False,True,True,1,1,,,,,,,,,,,1390.73,,,,,,,1390.73,1389.9018,,,,,,,CHEMBL3039597,CNC(C)[C@@H]1CC[C@@H](N)[C@@H](O[C@@H]2[C@@H](N)C[C@@H](N)[C@H](O[C@H]3OC[C@](C)(O)[C@H](NC)[C@H]3O)[C@H]2O)O1.CN[C@@H]1[C@@H](O)[C@@H](O[C@@H]2[C@@H](O)[C@H](O[C@H]3O[C@H](C(C)N)CC[C@H]3N)[C@@H](N)C[C@H]2N)OC[C@]1(C)O.CN[C@@H]1[C@@H](O)[C@@H](O[C@@H]2[C@@H](O)[C@H](O[C@H]3O[C@H](CN)CC[C@H]3N)[C@@H](N)C[C@H]2N)OC[C@]1(C)O,NPEFREDMMVQEPL-RWPARATISA-N,CNC(C)[C@@H]1CC[C@@H](N)[C@@H](O[C@@H]2[C@@H](N)C[C@@H](N)[C@H](O[C@H]3OC[C@](C)(O)[C@H](NC)[C@H]3O)[C@H]2O)O1.CN[C@@H]1[C@@H](O)[C@@H](O[C@@H]2[C@@H](O)[C@H](O[C@H]3O[C@H](C(C)N)CC[C@H]3N)[C@@H](N)C[C@H]2N)OC[C@]1(C)O.CN[C@@H]1[C@@H](O)[C@@H](O[C@@H]2[C@@H](O)[C@H](O[C@H]3O[C@H](CN)CC[C@H]3N)[C@@H](N)C[C@H]2N)OC[C@]1(C)O,missing,missing,missing,missing,missing,toxic_nephro+toxic_neuro+toxic_teratogen,1
82,Moxisylyte,CID4260,CHEMBL159226,FRA,toxic_hepa,Small molecule,MOL,True,CHEMBL159226,4.0,G04BE06+C04AX10,2,0,False,False,False,0,-2,1993,Necrotic Hepatitis,France,Hepatotoxicity,2.98,1,1.79,3.20,,8.79,279.38,4,4,0,0,20,BASE,279.38,279.1834,0,0,38.77,0.59,N,6,CHEMBL159226,CC(=O)Oc1cc(C(C)C)c(OCCN(C)C)cc1C,VRYMTAVOXVTQEF-UHFFFAOYSA-N,CC(=O)Oc1cc(C(C)C)c(OCCN(C)C)cc1C,missing,missing,missing,missing,missing,Safe,1
83,Remoxipride,CID54477,CHEMBL22242,Worldwide,toxic_hema,Small molecule,MOL,True,CHEMBL22242,4.0,N05AL04,1,0,False,False,False,0,-2,1993,Aplastic anemia,United Kingdom,Hematological toxicity,2.68,1,1.30,2.34,13.06,8.40,371.28,4,5,1,1,22,NEUTRAL,371.28,370.0892,0,0,50.80,0.84,N,6,CHEMBL22242,CCN1CCC[C@H]1CNC(=O)c1c(OC)ccc(Br)c1OC,GUJRSXAPGDDABA-NSHDSACASA-N,CCN1CCC[C@H]1CNC(=O)c1c(OC)ccc(Br)c1OC,missing,missing,missing,missing,missing,Safe,1
84,Ketorolac,CID3826,CHEMBL469,DEU; FRA,"toxic_nephro, toxic_hema",Small molecule,MOL,True,CHEMBL469,4.0,S01BC05+M01AB15,0,0,True,True,True,1,1,,,,,2.29,2,-0.96,2.28,3.84,,255.27,3,4,1,1,19,ACID,255.27,255.0895,0,0,59.30,0.86,Y,3,CHEMBL469,O=C(c1ccccc1)c1ccc2n1CCC2C(=O)O,OZWKMVRBQXNZKK-UHFFFAOYSA-N,O=C(c1ccccc1)c1ccc2n1CCC2C(=O)O,missing,missing,missing,missing,missing,toxic_cardio+toxic_gastro+toxic_immune+toxic_neuro+toxic_respiratory+toxic_vascular,1
85,Bendazac,CID2313,CHEMBL1089221,ESP,toxic_hepa,Small molecule,MOL,False,CHEMBL1089221,4.0,M02AA11+S01BC07,2,0,False,False,False,0,-2,1993,Hepatotoxicity,Spain,Hepatotoxicity,2.55,3,-0.26,3.06,3.66,,282.30,4,5,1,1,21,ACID,282.30,282.1004,0,0,64.35,0.78,N,5,CHEMBL1089221,O=C(O)COc1nn(Cc2ccccc2)c2ccccc12,BYFMCKSPFYVMOU-UHFFFAOYSA-N,O=C(O)COc1nn(Cc2ccccc2)c2ccccc12,missing,missing,missing,missing,missing,Safe,1
88,Benzarone,CID255968,CHEMBL1474963,FRA,toxic_hepa,Small molecule,MOL,False,CHEMBL1474963,4.0,,2,0,False,False,False,0,-2,1992,Hepatitis,Germany,Hepatotoxicity,3.93,3,3.86,4.01,7.80,,266.30,3,3,1,1,20,NEUTRAL,266.30,266.0943,0,0,50.44,0.73,N,3,CHEMBL1474963,CCc1oc2ccccc2c1C(=O)c1ccc(O)cc1,RFRXIWQYSOIBDI-UHFFFAOYSA-N,CCc1oc2ccccc2c1C(=O)c1ccc(O)cc1,missing,missing,missing,missing,missing,Safe,1
90,Temafloxacin,CID60021,CHEMBL277100,Worldwide,"toxic_hepa, toxic_nephro, toxic_dermis, toxic_hema",Small molecule,MOL,True,CHEMBL277100,4.0,J01MA05,0,0,False,False,False,0,-2,1992,"Low blood sugar; hemolytic anemia; kidney, liver dysfunction; allergic reactions",United States; United Kingdom; Germany,Hematological toxicity; Hepatotoxicity; Immune system toxicity; Nephrotoxicity,2.90,3,1.06,1.06,5.41,8.76,417.39,5,6,2,2,30,ZWITTERION,417.39,417.1300,0,0,74.57,0.69,N,3,CHEMBL277100,CC1CN(c2cc3c(cc2F)c(=O)c(C(=O)O)cn3-c2ccc(F)cc2F)CCN1,QKDHBVNJCZBTMR-UHFFFAOYSA-N,CC1CN(c2cc3c(cc2F)c(=O)c(C(=O)O)cn3-c2ccc(F)cc2F)CCN1,missing,missing,missing,missing,missing,Safe,1
91,Terconazole,CID441383,CHEMBL1306,SWE,toxic_dermis,Small molecule,MOL,True,CHEMBL1306,4.0,G01AG02,0,0,False,False,True,0,1,,,,,4.46,3,4.33,5.37,,8.41,532.47,8,8,0,0,36,NEUTRAL,532.47,531.1804,1,1,64.88,0.42,N,8,CHEMBL1306,CC(C)N1CCN(c2ccc(OC[C@H]3CO[C@](Cn4cncn4)(c4ccc(Cl)cc4Cl)O3)cc2)CC1,BLSQLHNBWJLIBQ-OZXSUGGESA-N,CC(C)N1CCN(c2ccc(OC[C@H]3CO[C@](Cn4cncn4)(c4ccc(Cl)cc4Cl)O3)cc2)CC1,missing,missing,missing,missing,missing,Safe,1
92,Encainide,CID48041,CHEMBL315838,GBR; USA,toxic_cardio,Small molecule,MOL,False,CHEMBL315838,4.0,C01BC08,0,0,False,False,False,0,-2,1991,Ventricular arrhythmias; Cardiotoxicity and Excess Mortality,United Kingdom; United States,Cardiotoxicity,4.36,2,2.42,4.49,,9.48,352.48,3,4,1,1,26,BASE,352.48,352.2151,0,0,41.57,0.84,N,6,CHEMBL315838,COc1ccc(C(=O)Nc2ccccc2CCC2CCCCN2C)cc1,PJWPNDMDCLXCOM-UHFFFAOYSA-N,COc1ccc(C(=O)Nc2ccccc2CCC2CCCCN2C)cc1,missing,missing,missing,missing,missing,Safe,1
93,Terodiline,CID23480,CHEMBL363295,DEU;ESP;GBR,toxic_cardio,Small molecule,MOL,True,CHEMBL363295,4.0,G04BD05,0,0,False,False,False,0,-2,1991,Ventricular Tachycardia and Arrhythmia,Germany; Spain; United Kingdom,Cardiotoxicity,4.99,2,2.23,5.16,,10.62,281.44,1,1,1,1,21,BASE,281.44,281.2143,0,0,12.03,0.81,N,5,CHEMBL363295,CC(CC(c1ccccc1)c1ccccc1)NC(C)(C)C,UISARWKNNNHPGI-UHFFFAOYSA-N,CC(CC(c1ccccc1)c1ccccc1)NC(C)(C)C,missing,missing,missing,missing,missing,Safe,1
94,Fipexide,CID3351,CHEMBL254857,FRA,toxic_hepa,Small molecule,MOL,False,CHEMBL254857,4.0,N06BX05,2,0,False,False,False,0,-2,1991,Hepatotoxicity,France,Hepatotoxicity,2.79,2,2.71,2.73,,6.09,388.85,5,6,0,0,27,NEUTRAL,388.85,388.1190,0,0,51.24,0.79,N,5,CHEMBL254857,O=C(COc1ccc(Cl)cc1)N1CCN(Cc2ccc3c(c2)OCO3)CC1,BFUJHVVEMMWLHC-UHFFFAOYSA-N,O=C(COc1ccc(Cl)cc1)N1CCN(Cc2ccc3c(c2)OCO3)CC1,missing,missing,missing,missing,missing,Safe,1
95,Buprenorphine,CID9848990,CHEMBL511142,EGY,toxic_respiratory,Small molecule,MOL,True,CHEMBL511142,4.0,N07BC01+N07BC51+N02AE01,1,0,False,True,True,1,1,,,,,4.41,1,1.61,3.55,10.42,9.63,467.65,5,5,2,2,34,BASE,467.65,467.3036,0,0,62.16,0.69,N,4,CHEMBL511142,CO[C@@]12CC[C@@]3(C[C@@H]1[C@](C)(O)C(C)(C)C)[C@H]1Cc4ccc(O)c5c4[C@@]3(CCN1CC1CC1)[C@H]2O5,RMRJXGBAOAMLHD-CTAPUXPBSA-N,CO[C@@]12CC[C@@]3(C[C@@H]1[C@](C)(O)C(C)(C)C)[C@H]1Cc4ccc(O)c5c4[C@@]3(CCN1CC1CC1)[C@H]2O5,missing,missing,missing,missing,missing,toxic_respiratory,1
96,Noscapine,CID275196,CHEMBL364713,GBR,toxic_carcinogenic,Small molecule,MOL,True,CHEMBL364713,4.0,R05DA07,1,0,False,False,False,0,-1,,,,,2.88,2,2.39,2.58,13.07,7.14,413.43,8,8,0,0,30,NEUTRAL,413.43,413.1475,0,0,75.69,0.71,N,4,CHEMBL364713,COc1ccc2c(c1OC)C(=O)O[C@@H]2[C@H]1c2c(cc3c(c2OC)OCO3)CCN1C,AKNNEGZIBPJZJG-MSOLQXFVSA-N,COc1ccc2c(c1OC)C(=O)O[C@@H]2[C@H]1c2c(cc3c(c2OC)OCO3)CCN1C,missing,missing,missing,missing,missing,Safe,1
98,Dilevalol,CID134044,CHEMBL27193,Worldwide,toxic_hepa,Small molecule,MOL,False,CHEMBL27193,4.0,,1,0,False,False,False,0,-2,1990,Hepatotoxicity,United Kingdom,Hepatotoxicity,2.14,2,1.26,1.89,8.05,9.80,328.41,4,5,4,5,24,BASE,328.41,328.1787,0,0,95.58,0.60,N,8,CHEMBL27193,C[C@H](CCc1ccccc1)NC[C@H](O)c1ccc(O)c(C(N)=O)c1,SGUAFYQXFOLMHL-ACJLOTCBSA-N,C[C@H](CCc1ccccc1)NC[C@H](O)c1ccc(O)c(C(N)=O)c1,missing,missing,missing,missing,missing,Safe,1
99,Metipranolol,CID31477,CHEMBL1291,GBR;USA,toxic_hema,Small molecule,MOL,True,CHEMBL1291,4.0,S01ED04+S01ED54,0,0,False,False,True,0,1,1990,Uveitis,United Kingdom,Opthalmic toxicity,2.27,1,0.52,2.74,,9.67,309.41,5,5,2,2,22,BASE,309.41,309.1940,0,0,67.79,0.60,N,7,CHEMBL1291,CC(=O)Oc1c(C)cc(OCC(O)CNC(C)C)c(C)c1C,BQIPXWYNLPYNHW-UHFFFAOYSA-N,CC(=O)Oc1c(C)cc(OCC(O)CNC(C)C)c(C)c1C,missing,missing,missing,missing,missing,Safe,1
100,Acitretin,CID5284513,CHEMBL1131,NLD,toxic_teratogen,Small molecule,MOL,True,CHEMBL1131,4.0,D05BB02,2,0,True,False,False,1,1,,,,,5.17,1,3.01,5.59,4.77,,326.44,2,3,1,1,24,ACID,326.44,326.1882,1,1,46.53,0.58,N,6,CHEMBL1131,COc1cc(C)c(/C=C/C(C)=C/C=C/C(C)=C/C(=O)O)c(C)c1C,IHUNBGSDBOWDMA-AQFIFDHZSA-N,COc1cc(C)c(/C=C/C(C)=C/C=C/C(C)=C/C(=O)O)c(C)c1C,missing,missing,missing,missing,missing,toxic_hepa+toxic_teratogen,1
102,Pirprofen,CID35935,CHEMBL188952,Worldwide,"toxic_hepa, toxic_gastro",Small molecule,MOL,False,CHEMBL188952,4.0,M01AE08,0,0,False,False,False,0,-2,1990,Gastrointestinal Toxicity; Hepatotoxicity,Spain; Germany; France,Gastrotoxicity; Hepatotoxicity,2.90,1,0.22,3.22,4.25,,251.71,2,3,1,1,17,ACID,251.71,251.0713,0,0,40.54,0.84,Y,3,CHEMBL188952,CC(C(=O)O)c1ccc(N2CC=CC2)c(Cl)c1,PIDSZXPFGCURGN-UHFFFAOYSA-N,CC(C(=O)O)c1ccc(N2CC=CC2)c(Cl)c1,missing,missing,missing,missing,missing,Safe,1
103,Dinoprostone,CID5280360,CHEMBL548,GBR,toxic_muscoskelet,Small molecule,MOL,True,CHEMBL548,4.0,G02AD02,1,0,False,True,True,0,1,,,,,3.25,0,0.26,3.23,4.30,,352.47,4,5,3,3,25,ACID,352.47,352.2250,0,0,94.83,0.37,N,12,CHEMBL548,CCCCC[C@H](O)/C=C/[C@H]1[C@H](O)CC(=O)[C@@H]1C/C=C\CCCC(=O)O,XEYBRNLFEZDVAW-ARSRFYASSA-N,CCCCC[C@H](O)/C=C/[C@H]1[C@H](O)CC(=O)[C@@H]1C/C=C\CCCC(=O)O,missing,missing,missing,missing,missing,Safe,1
104,Loperamide,CID3955,CHEMBL841,ID;LIY;LKA;MEX;NPL;OMN;PAK;PER;PHL;TUR,toxic_gastro,Small molecule,MOL,True,CHEMBL841,4.0,A07DA03+A07DA53,2,0,True,False,False,1,2,,,,,5.09,3,2.77,4.77,13.96,9.41,477.05,3,4,1,1,34,BASE,477.05,476.2231,1,1,43.78,0.52,N,7,CHEMBL841,CN(C)C(=O)C(CCN1CCC(O)(c2ccc(Cl)cc2)CC1)(c1ccccc1)c1ccccc1,RDOIQAHITMMDAJ-UHFFFAOYSA-N,CN(C)C(=O)C(CCN1CCC(O)(c2ccc(Cl)cc2)CC1)(c1ccccc1)c1ccccc1,missing,missing,missing,missing,missing,Safe,1
105,Fenoterol,CID3343,CHEMBL32800,NZL,toxic_cardio,Small molecule,MOL,True,CHEMBL32800,4.0,G02CA03+R03CC04+R03AC04,0,0,False,False,False,0,-2,1990,Asthma Mortality,New Zealand,Respiratory toxicity,2.06,2,0.33,1.47,8.85,9.63,303.36,5,5,5,5,22,BASE,303.36,303.1471,0,0,92.95,0.56,N,6,CHEMBL32800,CC(Cc1ccc(O)cc1)NCC(O)c1cc(O)cc(O)c1,LSLYOANBFKQKPT-UHFFFAOYSA-N,CC(Cc1ccc(O)cc1)NCC(O)c1cc(O)cc(O)c1,missing,missing,missing,missing,missing,Safe,1
106,Secobarbital,CID5193,CHEMBL447,FRA;NOR,toxic_systemic,Small molecule,MOL,True,CHEMBL447,4.0,N05CA06,0,0,True,True,True,0,1,1980,Self-poisoning,France; Norway,Misuse,1.35,0,1.77,2.03,7.48,,238.29,3,5,2,2,17,NEUTRAL,238.29,238.1317,0,0,75.27,0.56,N,5,CHEMBL447,C=CCC1(C(C)CCC)C(=O)NC(=O)NC1=O,KQPKPCNLIDLUMF-UHFFFAOYSA-N,C=CCC1(C(C)CCC)C(=O)NC(=O)NC1=O,missing,missing,missing,missing,missing,Safe,1
107,Boric acid,CID7628,CHEMBL42403,FRA;GBR;IND;PER;USA,toxic_systemic,Small molecule,MOL,True,CHEMBL42403,4.0,S02AA03,2,0,False,False,False,0,-1,,,,,,,,,,,61.83,,,,,,,61.83,62.0175,,,,,,,CHEMBL42403,OB(O)O,KGBXLFKZBHKPEV-UHFFFAOYSA-N,OB(O)O,missing,missing,missing,missing,missing,Safe,1
108,Atemizole,CID2247,CHEMBL296419,ARE;ARG;ARM;BDS;ESP;MUS;MYS;PHL;SGP;URT;USA;ZAF,toxic_cardio,Small molecule,MOL,True,CHEMBL296419,4.0,R06AX11,2,0,True,False,False,0,-2,1999,Fatal arrhythmia; Drug Interaction,United States; Malasia,Cardiotoxicity,5.35,4,4.01,5.39,,8.73,458.58,5,5,1,1,34,BASE,458.58,458.2482,1,1,42.32,0.39,N,8,CHEMBL296419,COc1ccc(CCN2CCC(Nc3nc4ccccc4n3Cc3ccc(F)cc3)CC2)cc1,GXDALQBWZGODGZ-UHFFFAOYSA-N,COc1ccc(CCN2CCC(Nc3nc4ccccc4n3Cc3ccc(F)cc3)CC2)cc1,missing,missing,missing,missing,missing,Safe,1
109,Etretinate,CID5282375,CHEMBL464,FRA,toxic_teratogen,Small molecule,MOL,True,CHEMBL464,4.0,D05BB01,2,0,True,False,False,0,-2,1989,Risk for birth defects,France; United States,Teratogenicity,5.65,1,6.32,6.32,,,354.49,3,3,0,0,26,NEUTRAL,354.49,354.2195,1,1,35.53,0.36,N,7,CHEMBL464,CCOC(=O)/C=C(C)/C=C/C=C(C)/C=C/c1c(C)cc(OC)c(C)c1C,HQMNCQVAMBCHCO-DJRRULDNSA-N,CCOC(=O)/C=C(C)/C=C/C=C(C)/C=C/c1c(C)cc(OC)c(C)c1C,missing,missing,missing,missing,missing,Safe,1
110,Proglumide,CID4922,CHEMBL316561,DEU,toxic_respiratory,Small molecule,MOL,True,CHEMBL316561,4.0,A02BX06,0,0,False,False,False,0,-2,1989,Respiratory Reaction,Germany,Respiratory toxicity,2.30,1,-0.73,2.14,4.42,,334.42,3,6,2,2,24,ACID,334.42,334.1893,0,0,86.71,0.69,N,10,CHEMBL316561,CCCN(CCC)C(=O)C(CCC(=O)O)NC(=O)c1ccccc1,DGMKFQYCZXERLX-UHFFFAOYSA-N,CCCN(CCC)C(=O)C(CCC(=O)O)NC(=O)c1ccccc1,missing,missing,missing,missing,missing,Safe,1
111,Tryptophan,CID6305,CHEMBL54976,AUT;BEL;CHE;DEU;GBR;JPN;MYS;OMN;SWE;USA,toxic_hema,Small molecule,MOL,True,CHEMBL54976,4.0,N06AX02,1,0,False,False,False,0,-2,1989,Eosinophilic Myalgia Syndrome,United Kingdom; Germany,Hematological toxicity,1.12,2,-1.09,-1.09,2.54,9.40,204.23,2,4,3,4,15,ZWITTERION,204.23,204.0899,0,0,79.11,0.70,N,3,CHEMBL54976,N[C@@H](Cc1c[nH]c2ccccc12)C(=O)O,QIVBCDIJIAJPQS-VIFPVBQESA-N,N[C@@H](Cc1c[nH]c2ccccc12)C(=O)O,missing,missing,missing,missing,missing,Safe,1
112,Exifone,CID40399,CHEMBL329522,FRA,toxic_hepa,Small molecule,MOL,False,CHEMBL329522,4.0,,2,0,False,False,False,0,-2,1989,Hepatotoxicity,France,Hepatotoxicity,1.15,2,1.65,2.26,7.08,,278.22,7,7,6,6,20,NEUTRAL,278.22,278.0427,1,1,138.45,0.36,N,2,CHEMBL329522,O=C(c1cc(O)c(O)c(O)c1)c1ccc(O)c(O)c1O,XEDWWPGWIXPVRQ-UHFFFAOYSA-N,O=C(c1cc(O)c(O)c(O)c1)c1ccc(O)c(O)c1O,missing,missing,missing,missing,missing,Safe,1
113,prenylamine,CID9801,CHEMBL24072,Worldwide,toxic_cardio,Small molecule,MOL,False,CHEMBL24072,4.0,C01DX02+C01DX52,0,0,False,False,False,0,-2,1988,Polymorphic Ventricular Tachycardia and Death,United Kingdom; Germany; France; Malaysia,Cardiotoxicity,5.43,3,3.26,6.12,,10.48,329.49,1,1,1,1,25,BASE,329.49,329.2143,1,1,12.03,0.58,N,8,CHEMBL24072,CC(Cc1ccccc1)NCCC(c1ccccc1)c1ccccc1,IFFPICMESYHZPQ-UHFFFAOYSA-N,CC(Cc1ccccc1)NCCC(c1ccccc1)c1ccccc1,missing,missing,missing,missing,missing,Safe,1
114,Doxycycline,CID54671203,CHEMBL1433,FRA,toxic_hema,Small molecule,MOL,True,CHEMBL1433,4.0,A01AB22+J01AA02,1,0,True,True,True,1,1,,,,,-0.35,1,-3.57,-3.29,2.92,7.46,444.44,9,10,6,7,32,ACID,444.44,444.1533,1,1,181.62,0.33,N,2,CHEMBL1433,C[C@H]1c2cccc(O)c2C(=O)C2=C(O)[C@]3(O)C(=O)C(C(N)=O)=C(O)[C@@H](N(C)C)[C@@H]3[C@@H](O)[C@@H]21,JBIWCJUYHHGXTC-AKNGSSGZSA-N,C[C@H]1c2cccc(O)c2C(=O)C2=C(O)[C@]3(O)C(=O)C(C(N)=O)=C(O)[C@@H](N(C)C)[C@@H]3[C@@H](O)[C@@H]21,missing,missing,missing,missing,missing,Safe,1
116,Sulfacarbamide,CID11033,CHEMBL139877,DEU,"toxic_dermis, toxic_hema, toxic_hepa",Small molecule,MOL,True,CHEMBL139877,4.0,,2,0,False,False,False,0,-2,1988,"Dermatologic, Hematologic and Hepatic Reactions",Germany,Dermatological toxicity; Hematological toxicity; Hepatotoxicity,-0.37,1,-1.53,-0.59,4.40,2.10,215.23,4,6,3,5,14,ACID,215.23,215.0365,0,0,115.28,0.58,N,2,CHEMBL139877,NC(=O)NS(=O)(=O)c1ccc(N)cc1,WVAKABMNNSMCDK-UHFFFAOYSA-N,NC(=O)NS(=O)(=O)c1ccc(N)cc1,missing,missing,missing,missing,missing,Safe,1
117,Cianidanol,CID9064,CHEMBL311498,Worldwide,toxic_hema,Small molecule,MOL,False,CHEMBL311498,4.0,,1,0,False,False,False,0,-2,1985,Hemolytic Anemia,Spain; Germany; France; Switzerland,Hematological toxicity,1.55,2,1.78,1.80,9.00,,290.27,6,6,5,5,21,NEUTRAL,290.27,290.0790,0,0,110.38,0.51,N,1,CHEMBL311498,Oc1cc(O)c2c(c1)O[C@H](c1ccc(O)c(O)c1)[C@@H](O)C2,PFTAWBLQPZVEMU-DZGCQCFKSA-N,Oc1cc(O)c2c(c1)O[C@H](c1ccc(O)c(O)c1)[C@@H](O)C2,missing,missing,missing,missing,missing,Safe,1
118,Sulfametoxydiazine,CID5326,CHEMBL1200359,DEU,toxic_hema,Small molecule,MOL,True,CHEMBL1200359,4.0,J01ED04,2,0,True,False,False,0,-2,1988,,Germany,,0.87,2,-0.18,0.23,7.06,1.98,280.31,6,7,2,3,19,NEUTRAL,280.31,280.0630,0,0,107.20,0.80,N,4,CHEMBL1200359,COc1cnc(NS(=O)(=O)c2ccc(N)cc2)nc1,GPTONYMQFTZPKC-UHFFFAOYSA-N,COc1cnc(NS(=O)(=O)c2ccc(N)cc2)nc1,missing,missing,missing,missing,missing,Safe,1
119,Nikethamide,CID5497,CHEMBL2104607,Worldwide,toxic_neuro,Small molecule,MOL,True,CHEMBL2104607,4.0,R07AB52+R07AB02,2,0,False,False,False,0,-2,1988,CNS Stimulation,Multiple unspecified markets,Neurotoxicity,1.56,1,0.77,0.77,,3.61,178.24,2,3,0,0,13,NEUTRAL,178.24,178.1106,0,0,33.20,0.70,Y,3,CHEMBL2104607,CCN(CC)C(=O)c1cccnc1,NCYVXEGFNDZQCU-UHFFFAOYSA-N,CCN(CC)C(=O)c1cccnc1,missing,missing,missing,missing,missing,Safe,1
120,Isotretinoin,CID5282379,CHEMBL547,ITA,toxic_teratogen,Small molecule,MOL,True,CHEMBL547,4.0,D10BA01+D10AD54+D10AD04,2,1,True,False,False,1,1,,,,,5.60,0,2.42,5.01,4.76,,300.44,1,2,1,1,22,ACID,300.44,300.2089,1,1,37.30,0.53,N,5,CHEMBL547,CC1=C(/C=C/C(C)=C/C=C/C(C)=C\C(=O)O)C(C)(C)CCC1,SHGAZHPCJJPHSC-XFYACQKRSA-N,CC1=C(/C=C/C(C)=C/C=C/C(C)=C\C(=O)O)C(C)(C)CCC1,missing,missing,missing,missing,missing,toxic_teratogen,1
121,Mianserin,CID4184,CHEMBL6437,GBR,toxic_hema,Small molecule,MOL,True,CHEMBL6437,4.0,N06AX03,0,0,False,False,False,0,-1,,,,,3.08,2,3.71,3.83,,6.92,264.37,2,2,0,0,20,NEUTRAL,264.37,264.1626,0,0,6.48,0.72,N,0,CHEMBL6437,CN1CCN2c3ccccc3Cc3ccccc3C2C1,UEQUQVLFIPOEMF-UHFFFAOYSA-N,CN1CCN2c3ccccc3Cc3ccccc3C2C1,missing,missing,missing,missing,missing,Safe,1
123,Muzolimine,CID41386,CHEMBL1697760,CAN;DEU;FRA;GRE;NOR,toxic_neuro,Small molecule,MOL,False,CHEMBL1697760,4.0,C03CD01,0,0,False,False,False,0,-2,1987,Polyneuropathy,European Union; Germany; France,Neurotoxicity,2.56,1,2.14,2.14,13.65,3.00,272.13,3,4,1,2,17,NEUTRAL,272.13,271.0279,0,0,58.69,0.90,Y,2,CHEMBL1697760,CC(c1ccc(Cl)c(Cl)c1)N1N=C(N)CC1=O,RLWRMIYXDPXIEX-UHFFFAOYSA-N,CC(c1ccc(Cl)c(Cl)c1)N1N=C(N)CC1=O,missing,missing,missing,missing,missing,Safe,1
124,Vincamine,CID15376,CHEMBL1165342,DEU;HUN,toxic_hema,Small molecule,MOL,False,CHEMBL1165342,4.0,C04AX07,1,0,False,False,False,0,-2,1987,Hematological,Germany,Hematological toxicity,2.95,2,3.31,3.39,10.52,6.70,354.45,5,5,1,1,26,NEUTRAL,354.45,354.1943,0,0,54.70,0.84,N,2,CHEMBL1165342,CC[C@]12CCCN3CCc4c(n(c5ccccc45)[C@@](O)(C(=O)OC)C1)[C@@H]32,RXPRRQLKFXBCSJ-GIVPXCGWSA-N,CC[C@]12CCCN3CCc4c(n(c5ccccc45)[C@@](O)(C(=O)OC)C1)[C@@H]32,missing,missing,missing,missing,missing,Safe,1
125,Cinepazide,CID5282459,CHEMBL1874750,ESP,toxic_hema,Small molecule,MOL,False,CHEMBL1874750,4.0,C04AX27,2,0,False,False,False,0,-2,1987,Agranulocytosis,Spain,Hematological toxicity,1.49,1,0.66,0.67,,5.91,417.51,6,8,0,0,30,NEUTRAL,417.51,417.2264,0,0,71.55,0.63,N,7,CHEMBL1874750,COc1cc(/C=C/C(=O)N2CCN(CC(=O)N3CCCC3)CC2)cc(OC)c1OC,RCUDFXMNPQNBDU-VOTSOKGWSA-N,COc1cc(/C=C/C(=O)N2CCN(CC(=O)N3CCCC3)CC2)cc(OC)c1OC,missing,missing,missing,missing,missing,Safe,1
126,Clometacin,CID33176,CHEMBL13376,FRA,toxic_hepa,Small molecule,MOL,False,CHEMBL13376,4.0,,2,0,False,False,False,0,-2,1987,Hepatotoxicity,France,Hepatotoxicity,3.93,3,0.56,3.88,3.66,,357.79,4,5,1,1,25,ACID,357.79,357.0768,0,0,68.53,0.70,N,5,CHEMBL13376,COc1ccc2c(C(=O)c3ccc(Cl)cc3)c(C)n(CC(=O)O)c2c1,DGMZLCLHHVYDIS-UHFFFAOYSA-N,COc1ccc2c(C(=O)c3ccc(Cl)cc3)c(C)n(CC(=O)O)c2c1,missing,missing,missing,missing,missing,Safe,1
127,Cyclofenil,CID2898,CHEMBL141305,FRA,toxic_hepa,Small molecule,MOL,True,CHEMBL141305,4.0,G03GB01,2,0,False,False,False,0,-2,1987,Hepatotoxicity,France,Hepatotoxicity,5.30,2,4.86,4.86,,,364.44,4,4,0,0,27,NEUTRAL,364.44,364.1675,1,1,52.60,0.55,N,4,CHEMBL141305,CC(=O)Oc1ccc(C(=C2CCCCC2)c2ccc(OC(C)=O)cc2)cc1,GVOUFPWUYJWQSK-UHFFFAOYSA-N,CC(=O)Oc1ccc(C(=C2CCCCC2)c2ccc(OC(C)=O)cc2)cc1,missing,missing,missing,missing,missing,Safe,1
129,Iophendylate,CID7468,CHEMBL951,GBR,toxic_systemic,Small molecule,MOL,False,CHEMBL951,4.0,V08AD04,0,0,False,True,False,0,0,,,,,6.08,1,6.89,6.89,,,416.34,2,2,0,0,22,,416.34,416.1212,1,1,26.30,0.25,N,11,CHEMBL951,CCOC(=O)CCCCCCCCC(C)c1ccc(I)cc1,LAYLQVBQIBQVLL-UHFFFAOYSA-N,CCOC(=O)CCCCCCCCC(C)c1ccc(I)cc1,missing,missing,missing,missing,missing,Safe,1
130,Canrenone,CID13789,CHEMBL1463345,DEU,toxic_carcinogenic,Small molecule,MOL,False,CHEMBL1463345,4.0,C03DA03,1,0,False,False,False,0,-2,1986,Animal carcinogenicity,Germany,Carcinogenicity,4.37,0,3.60,3.60,,,340.46,3,3,0,0,25,NEUTRAL,340.46,340.2038,0,0,43.37,0.62,N,0,CHEMBL1463345,C[C@]12CC[C@H]3[C@@H](C=CC4=CC(=O)CC[C@@]43C)[C@@H]1CC[C@@]21CCC(=O)O1,UJVLDDZCTMKXJK-WNHSNXHDSA-N,C[C@]12CC[C@H]3[C@@H](C=CC4=CC(=O)CC[C@@]43C)[C@@H]1CC[C@@]21CCC(=O)O1,missing,missing,missing,missing,missing,Safe,1
131,Bucetin,CID14130,CHEMBL1697856,DEU,toxic_nephro,Small molecule,MOL,False,CHEMBL1697856,4.0,N02BE74+N02BE04+N02BE54,0,0,False,False,False,0,-2,1986,Renal,Germany,Nephrotoxicity,1.79,1,1.25,1.25,,,223.27,3,4,2,2,16,NEUTRAL,223.27,223.1208,0,0,58.56,0.80,N,5,CHEMBL1697856,CCOc1ccc(NC(=O)CC(C)O)cc1,LIAWQASKBFCRNR-UHFFFAOYSA-N,CCOc1ccc(NC(=O)CC(C)O)cc1,missing,missing,missing,missing,missing,Safe,1
132,Suprofen,CID5359,CHEMBL956,Worldwide,toxic_nephro,Small molecule,MOL,True,CHEMBL956,4.0,M01AE07,0,0,False,False,True,0,-2,1987,"Flank pain, decreased kidney function",United States; United Kingdom; Spain,Musculoskeletal toxicity; Nephrotoxicity,3.17,2,0.37,3.53,4.01,,260.31,3,3,1,1,18,ACID,260.31,260.0507,0,0,54.37,0.86,N,4,CHEMBL956,CC(C(=O)O)c1ccc(C(=O)c2cccs2)cc1,MDKGKXOCJGEUJW-UHFFFAOYSA-N,CC(C(=O)O)c1ccc(C(=O)c2cccs2)cc1,missing,missing,missing,missing,missing,Safe,1
133,Bupropion,CID444,CHEMBL894,USA,toxic_neuro,Small molecule,MOL,True,CHEMBL894,4.0,N06AX12,0,0,True,False,False,1,1,,,,,3.30,1,2.39,3.27,,8.22,239.75,2,2,1,1,16,NEUTRAL,239.75,239.1077,0,0,29.10,0.82,N,3,CHEMBL894,CC(NC(C)(C)C)C(=O)c1cccc(Cl)c1,SNPPWIUOZRMYNY-UHFFFAOYSA-N,CC(NC(C)(C)C)C(=O)c1cccc(Cl)c1,missing,missing,missing,missing,missing,toxic_psyche,1
137,Pentobarbital,CID4737,CHEMBL448,SWE; NOR,toxic_systemic,Small molecule,MOL,True,CHEMBL448,4.0,N05CA01,0,0,True,True,True,0,-2,1980,Self-Poisonings,Norway,Misuse,1.18,0,1.64,1.89,7.48,,226.28,3,5,2,2,16,NEUTRAL,226.28,226.1317,0,0,75.27,0.71,N,4,CHEMBL448,CCCC(C)C1(CC)C(=O)NC(=O)NC1=O,WEXRUCMBJFQVBZ-UHFFFAOYSA-N,CCCC(C)C1(CC)C(=O)NC(=O)NC1=O,missing,missing,missing,missing,missing,Safe,1
139,Phenobarbital,CID4763,CHEMBL40,SWE; DEU,toxic_systemic; toxic_dermis,Small molecule,MOL,True,CHEMBL40,4.0,N03AA02,2,0,False,False,False,0,-1,,,,,0.70,1,0.96,1.41,7.14,,232.24,3,5,2,2,17,NEUTRAL,232.24,232.0848,0,0,75.27,0.74,N,2,CHEMBL40,CCC1(c2ccccc2)C(=O)NC(=O)NC1=O,DDBREPKUVSBGFI-UHFFFAOYSA-N,CCC1(c2ccccc2)C(=O)NC(=O)NC1=O,missing,missing,missing,missing,missing,Safe,1
140,Feprazone,CID35455,CHEMBL1452696,DEU; GBR,toxic_dermis,Small molecule,MOL,True,CHEMBL1452696,4.0,M02AA16+M01AX18+M01AX68,2,0,False,False,False,0,-2,1984,Cutaneous Reaction; Multi-Organ Toxicities,Germany; United Kingdom,Dermatological toxicity,3.95,2,2.07,4.02,4.93,,320.39,2,4,0,0,24,ACID,320.39,320.1525,0,0,40.62,0.63,N,4,CHEMBL1452696,CC(C)=CCC1C(=O)N(c2ccccc2)N(c2ccccc2)C1=O,RBBWCVQDXDFISW-UHFFFAOYSA-N,CC(C)=CCC1C(=O)N(c2ccccc2)N(c2ccccc2)C1=O,missing,missing,missing,missing,missing,Safe,1
142,Indoprofen,CID3718,CHEMBL15870,Worldwide,"toxic_carcinogenic, toxic_gastro",Small molecule,MOL,False,CHEMBL15870,4.0,M01AE10,0,0,False,False,False,0,-2,1983,Animal Carcinogenicity (rodent); Gastrointestinal Toxicity,United Kingdom; Spain; Germany,Carcinogenicity; Gastrotoxicity,3.04,2,-0.43,2.86,3.74,,281.31,2,4,1,1,21,ACID,281.31,281.1052,0,0,57.61,0.94,N,3,CHEMBL15870,CC(C(=O)O)c1ccc(N2Cc3ccccc3C2=O)cc1,RJMIEHBSYVWVIN-UHFFFAOYSA-N,CC(C(=O)O)c1ccc(N2Cc3ccccc3C2=O)cc1,missing,missing,missing,missing,missing,Safe,1
143,Nitrefazole,CID71900,CHEMBL1909285,AUT; DEU,"toxic_hema, toxic_hepa",Small molecule,MOL,False,CHEMBL1909285,4.0,,2,0,False,False,False,0,-2,1984,Hepatic and Hematologic Toxicity,Germany,Hematological toxicity; Hepatotoxicity,2.00,2,2.33,2.33,,1.26,248.20,6,8,0,0,18,NEUTRAL,248.20,248.0546,0,0,104.10,0.61,N,3,CHEMBL1909285,Cc1nc([N+](=O)[O-])cn1-c1ccc([N+](=O)[O-])cc1,NMTBSNPBIGRZBL-UHFFFAOYSA-N,Cc1nc([N+](=O)[O-])cn1-c1ccc([N+](=O)[O-])cc1,missing,missing,missing,missing,missing,Safe,1
144,Fenclofenac,CID65394,CHEMBL15677,GBR; NOR,toxic_dermis,Small molecule,MOL,True,CHEMBL15677,4.0,,2,0,False,False,False,0,-2,1984,Cutaneous Reactions; Animal Carcinogenicity,United Kingdom,Carcinogenicity; Dermatological toxicity,4.41,2,0.96,4.32,3.55,,297.14,2,3,1,1,19,ACID,297.14,296.0007,0,0,46.53,0.91,N,4,CHEMBL15677,O=C(O)Cc1ccccc1Oc1ccc(Cl)cc1Cl,IDKAXRLETRCXKS-UHFFFAOYSA-N,O=C(O)Cc1ccccc1Oc1ccc(Cl)cc1Cl,missing,missing,missing,missing,missing,Safe,1
147,Oxolamine Citrate,CID13738,CHEMBL1620875,NLD,toxic_neuro,Small molecule,MOL,False,CHEMBL1620875,3.0,R05DB07,2,0,False,False,False,0,,,,,,2.62,2,1.57,3.14,,8.96,245.33,4,4,0,0,18,BASE,245.33,245.1528,0,0,42.16,0.78,N,6,CHEMBL1620875,CCN(CC)CCc1nc(-c2ccccc2)no1,IDCHQQSVJAAUQQ-UHFFFAOYSA-N,CCN(CC)CCc1nc(-c2ccccc2)no1,missing,missing,missing,missing,missing,Safe,1
148,Glafenine,CID3474,CHEMBL146095,Worldwide,toxic_hema,Small molecule,MOL,False,CHEMBL146095,4.0,N02BG03,0,0,False,False,False,0,-2,1984,Anaphylaxis,Germany; France,Immune system toxicity,3.14,3,4.12,4.16,13.62,6.41,372.81,6,6,3,3,26,NEUTRAL,372.81,372.0877,0,0,91.68,0.58,N,6,CHEMBL146095,O=C(OCC(O)CO)c1ccccc1Nc1ccnc2cc(Cl)ccc12,GWOFUCIGLDBNKM-UHFFFAOYSA-N,O=C(OCC(O)CO)c1ccccc1Nc1ccnc2cc(Cl)ccc12,missing,missing,missing,missing,missing,Safe,1
149,Oxyphenbutazone,CID4641,CHEMBL1228,Worldwide,toxic_hema,Small molecule,MOL,True,CHEMBL1228,4.0,,0,0,True,False,False,0,-2,1984,Blood Dyscrasis; Steven Johnson Syndrome,United Kingdom; United States; Germany; France,Dermatological toxicity; Hematological toxicity,3.49,2,1.83,3.83,4.73,,324.38,3,5,1,1,24,ACID,324.38,324.1474,0,0,60.85,0.86,N,5,CHEMBL1228,CCCCC1C(=O)N(c2ccccc2)N(c2ccc(O)cc2)C1=O,HFHZKZSRXITVMK-UHFFFAOYSA-N,CCCCC1C(=O)N(c2ccccc2)N(c2ccc(O)cc2)C1=O,missing,missing,missing,missing,missing,Safe,1
152,Sulfamethoxypyridazine,CID5330,CHEMBL268869,ARE;GBR;PAK;SWE,toxic_dermis,Small molecule,MOL,True,CHEMBL268869,4.0,J01ED05,2,0,False,False,False,0,-2,1986,,United Kingdom,,0.87,2,-0.05,0.47,6.84,2.02,280.31,6,7,2,3,19,NEUTRAL,280.31,280.0630,0,0,107.20,0.80,N,4,CHEMBL268869,COc1ccc(NS(=O)(=O)c2ccc(N)cc2)nn1,VLYWMPOKSSWJAL-UHFFFAOYSA-N,COc1ccc(NS(=O)(=O)c2ccc(N)cc2)nn1,missing,missing,missing,missing,missing,Safe,1
153,Isoxicam,CID54677972,CHEMBL53292,DEU;ESP;FRA;GBR;ITA;OMN;USA,toxic_dermis,Small molecule,MOL,False,CHEMBL53292,4.0,,2,0,False,False,False,0,-2,1983,Stevens Johnson Syndrome; Toxic Epidermal Necrolysis,Spain; Germany; France,Dermatological toxicity,1.48,2,-1.87,0.77,4.36,,335.34,6,8,2,2,23,ACID,335.34,335.0576,0,0,112.74,0.86,N,2,CHEMBL53292,Cc1cc(NC(=O)C2=C(O)c3ccccc3S(=O)(=O)N2C)no1,YYUAYBYLJSNDCX-UHFFFAOYSA-N,Cc1cc(NC(=O)C2=C(O)c3ccccc3S(=O)(=O)N2C)no1,missing,missing,missing,missing,missing,Safe,1
154,Zimelidine,CID5365247,CHEMBL37744,Worldwide,"toxic_neuro, toxic_dermis",Small molecule,MOL,False,CHEMBL37744,4.0,N06AB02,2,0,False,False,False,0,-2,1983,"Guillan-Barre Syndrome, hepatotoxicity","United Kingdom, Germany",Hepatotoxicity,3.84,2,2.27,3.51,,8.62,317.23,2,2,0,0,19,BASE,317.23,316.0575,0,0,16.13,0.85,N,4,CHEMBL37744,CN(C)C/C=C(/c1ccc(Br)cc1)c1cccnc1,OYPPVKRFBIWMSX-SXGWCWSVSA-N,CN(C)C/C=C(/c1ccc(Br)cc1)c1cccnc1,missing,missing,missing,missing,missing,Safe,1
155,Isaxonine phosphate,CID163093,CHEMBL1697751,FRA,toxic_hepa,Small molecule,MOL,False,CHEMBL1697751,4.0,,2,0,False,False,False,0,-2,1984,Hepatotoxicity,France,Hepatotoxicity,1.30,1,0.97,0.97,,3.40,235.18,3,3,1,1,10,NEUTRAL,137.19,137.0953,0,0,37.81,0.67,Y,2,CHEMBL1740513,CC(C)Nc1ncccn1,FTCYIGBVOHNHCD-UHFFFAOYSA-N,CC(C)Nc1ncccn1.O=P(O)(O)O,missing,missing,missing,missing,missing,Safe,1
156,Zomepirac,CID5733,CHEMBL19490,Worldwide,toxic_dermis,Small molecule,MOL,False,CHEMBL19490,4.0,M01AB04,2,0,False,False,False,0,-2,1983,Anaphylactic reactions and non_fatal allergic reactions,United States; United Kingdom; United States; Spain; Germany ,Immune system toxicity,2.85,2,0.08,3.33,3.83,,291.73,3,4,1,1,20,ACID,291.73,291.0662,0,0,59.30,0.88,N,4,CHEMBL19490,Cc1cc(CC(=O)O)n(C)c1C(=O)c1ccc(Cl)cc1,ZXVNMYWKKDOREA-UHFFFAOYSA-N,Cc1cc(CC(=O)O)n(C)c1C(=O)c1ccc(Cl)cc1,missing,missing,missing,missing,missing,Safe,1
157,Dibenzepin Hydrochloride,CID443945,CHEMBL2104287,SWE,toxic_carcinogenic,Small molecule,MOL,True,CHEMBL2104287,4.0,,2,0,False,False,False,0,-1,,,,,2.98,2,1.75,2.64,,8.23,331.85,3,4,0,0,22,NEUTRAL,295.39,295.1685,0,0,26.79,0.87,Y,3,CHEMBL1442422,CN(C)CCN1C(=O)c2ccccc2N(C)c2ccccc21,QPGGEKPRGVJKQB-UHFFFAOYSA-N,CN(C)CCN1C(=O)c2ccccc2N(C)c2ccccc21.Cl,missing,missing,missing,missing,missing,Safe,1
158,Propanidid,CID15004,CHEMBL2105345,GBR,toxic_dermis,Small molecule,MOL,False,CHEMBL2105345,4.0,N01AX04,2,0,False,False,False,0,-2,1983,Allergy,United Kingdom,Immune system toxicity,2.44,1,2.15,2.15,,,337.42,5,6,0,0,24,NEUTRAL,337.42,337.1889,0,0,65.07,0.61,N,10,CHEMBL2105345,CCCOC(=O)Cc1ccc(OCC(=O)N(CC)CC)c(OC)c1,KEJXLQUPYHWCNM-UHFFFAOYSA-N,CCCOC(=O)Cc1ccc(OCC(=O)N(CC)CC)c(OC)c1,missing,missing,missing,missing,missing,Safe,1
159,Indomethacin,CID3715,CHEMBL6,DEU,toxic_systemic; toxic_gastro,Small molecule,MOL,True,CHEMBL6,4.0,C01EB03+M02AA23+M01AB51+S01BC01+M01AB01,2,0,True,True,True,1,1,,,,,3.93,3,0.26,3.53,3.79,,357.79,4,5,1,1,25,ACID,357.79,357.0768,0,0,68.53,0.77,N,4,CHEMBL6,COc1ccc2c(c1)c(CC(=O)O)c(C)n2C(=O)c1ccc(Cl)cc1,CGIGDMFJXJATDK-UHFFFAOYSA-N,COc1ccc2c(c1)c(CC(=O)O)c(C)n2C(=O)c1ccc(Cl)cc1,missing,missing,missing,missing,missing,toxic_cardio+toxic_gastro+toxic_neuro,1
160,Doxylamine,CID3162,CHEMBL1004,USA;GBR;DEU,toxic_teratogen,Small molecule,MOL,True,CHEMBL1004,4.0,R06AA59+R06AA09,0,0,True,False,False,0,2,,,,,2.92,2,1.48,2.96,,8.87,270.38,3,3,0,0,20,BASE,270.38,270.1732,0,0,25.36,0.81,N,6,CHEMBL1004,CN(C)CCOC(C)(c1ccccc1)c1ccccn1,HCFDWZZGGLSKEP-UHFFFAOYSA-N,CN(C)CCOC(C)(c1ccccc1)c1ccccn1,missing,missing,missing,missing,missing,Safe,1
163,Clomacran,CID21382,CHEMBL1615350,GBR,toxic_hepa,Small molecule,MOL,False,CHEMBL1615350,4.0,,0,0,False,False,False,0,-2,1982,Hepatotoxicity,United Kingdom,Hepatotoxicity,4.87,2,2.23,4.58,,9.79,300.83,2,2,1,1,21,BASE,300.83,300.1393,0,0,15.27,0.87,N,4,CHEMBL1615350,CN(C)CCCC1c2ccccc2Nc2ccc(Cl)cc21,JFRLWWDJCFYFSU-UHFFFAOYSA-N,CN(C)CCCC1c2ccccc2Nc2ccc(Cl)cc21,missing,missing,missing,missing,missing,Safe,1
164,Triazolam,CID5556,CHEMBL646,BRA;CAN;CAP;GBR;MUS;NOR;OMN;USA,toxic_neuro,Small molecule,MOL,True,CHEMBL646,4.0,N05CD05,2,0,True,False,False,1,1,1992,Psychiatric reaction and amnesia,United Kingdom; France; Netherlands; Finland; Argentina,Neurotoxicity; Psychiatric toxicity,4.23,3,3.63,3.63,,4.26,343.22,4,4,0,0,23,NEUTRAL,343.22,342.0439,0,0,43.07,0.66,N,1,CHEMBL646,Cc1nnc2n1-c1ccc(Cl)cc1C(c1ccccc1Cl)=NC2,JOFWLTCLBGQGBO-UHFFFAOYSA-N,Cc1nnc2n1-c1ccc(Cl)cc1C(c1ccccc1Cl)=NC2,missing,missing,missing,missing,missing,toxic_neuro+toxic_psyche,1
165,Benoxaprofen,CID39941,CHEMBL340978,Worldwide,"toxic_hepa, toxic_nephro",Small molecule,MOL,False,CHEMBL340978,4.0,M01AE06,0,0,False,False,False,0,-2,1982,Liver and kidney failure; Gastrointestinal bleeding; Ulcers; Liver necrosis; Photosensitivity; Animal carcinogenicity,United States; United Kingdom; United States; Spain; Germany,Carcinogenicity; Dermatological toxicity; Gastrotoxicity; Hepatotoxicity; Nephrotoxicity,4.34,3,1.45,4.13,4.66,0.09,301.73,3,4,1,1,21,ACID,301.73,301.0506,0,0,63.33,0.78,N,3,CHEMBL340978,CC(C(=O)O)c1ccc2oc(-c3ccc(Cl)cc3)nc2c1,MITFXPHMIHQXPI-UHFFFAOYSA-N,CC(C(=O)O)c1ccc2oc(-c3ccc(Cl)cc3)nc2c1,missing,missing,missing,missing,missing,Safe,1
167,Methandrostenolone,CID6300,CHEMBL1418176,GBR;USA;DEU;FRA,toxic_systemic,Small molecule,MOL,True,CHEMBL1418176,4.0,D11AE01+A14AA03,1,0,False,False,False,0,-2,1982,Off-label abuse,United Kingdom; United States; Germany; France,Misuse,4.05,0,3.64,3.64,,,300.44,2,2,1,1,22,NEUTRAL,300.44,300.2089,0,0,37.30,0.73,N,0,CHEMBL1418176,C[C@]12C=CC(=O)C=C1CC[C@@H]1[C@@H]2CC[C@@]2(C)[C@H]1CC[C@]2(C)O,XWALNWXLMVGSFR-HLXURNFRSA-N,C[C@]12C=CC(=O)C=C1CC[C@@H]1[C@@H]2CC[C@@]2(C)[C@H]1CC[C@]2(C)O,missing,missing,missing,missing,missing,Safe,1
169,Ethyl nitrite,CID8026,CHEMBL1551365,USA,toxic_hema,Small molecule,MOL,False,CHEMBL1551365,4.0,,2,0,False,False,False,0,-2,,,United States,,0.70,0,0.90,0.90,,,75.07,3,3,0,0,5,NEUTRAL,75.07,75.0320,0,0,38.66,0.36,Y,2,CHEMBL1551365,CCON=O,QQZWEECEMNQSTG-UHFFFAOYSA-N,CCON=O,missing,missing,missing,missing,missing,Safe,1
170,Ticrynafen,CID38409,CHEMBL267744,BRA;DEU;FRA;GBR;GRC;IND;PAN;PHL;USA;VEN,toxic_hepa,Small molecule,MOL,False,CHEMBL267744,4.0,C03CC02,2,0,False,False,False,0,-2,1980,Liver Toxicity and Death,United Kingdom; United States; Germany; France,Hepatotoxicity,3.75,2,0.43,3.87,3.22,,331.18,4,4,1,1,20,ACID,331.18,329.9520,0,0,63.60,0.85,N,5,CHEMBL267744,O=C(O)COc1ccc(C(=O)c2cccs2)c(Cl)c1Cl,AGHANLSBXUWXTB-UHFFFAOYSA-N,O=C(O)COc1ccc(C(=O)c2cccs2)c(Cl)c1Cl,missing,missing,missing,missing,missing,Safe,1
171,Lynestrenol,CID5857,CHEMBL2107431,AUS,toxic_carcinogenic,Small molecule,MOL,False,CHEMBL2107431,3.0,G03AC02+G03DC03,1,0,False,False,False,0,,,,,,4.31,0,4.04,4.04,,,284.44,1,1,1,1,21,NEUTRAL,284.44,284.2140,0,0,20.23,0.52,N,0,CHEMBL2107431,C#C[C@]1(O)CC[C@H]2[C@@H]3CCC4=CCCC[C@@H]4[C@H]3CC[C@@]21C,YNVGQYHLRCDXFQ-XGXHKTLJSA-N,C#C[C@]1(O)CC[C@H]2[C@@H]3CCC4=CCCC[C@@H]4[C@H]3CC[C@@]21C,missing,missing,missing,missing,missing,Safe,1
172,Cyclobarbital,CID5838,CHEMBL268164,FRA,toxic_systemic,Small molecule,MOL,True,CHEMBL268164,4.0,N05CA10,2,0,False,False,False,0,-2,1980,Self-poisonings,Norway,Misuse,1.25,0,1.03,1.47,7.14,,236.27,3,5,2,2,17,NEUTRAL,236.27,236.1161,0,0,75.27,0.56,N,2,CHEMBL268164,CCC1(C2=CCCCC2)C(=O)NC(=O)NC1=O,WTYGAUXICFETTC-UHFFFAOYSA-N,CCC1(C2=CCCCC2)C(=O)NC(=O)NC1=O,missing,missing,missing,missing,missing,Safe,1
173,Amobarbital,CID2164,CHEMBL267894,NOR,toxic_systemic,Small molecule,MOL,True,CHEMBL267894,4.0,N05CA02,0,0,False,False,False,0,-2,1980,Self-Poisonings,Norway,Misuse,1.39,0,-1.27,2.26,1.03,,226.28,2,5,2,2,16,ACID,226.28,226.1317,0,0,78.76,0.71,N,4,CHEMBL267894,CCC1(CCC(C)C)C(=O)N=C(O)NC1=O,VIROVYVQCGLCII-UHFFFAOYSA-N,CCC1(CCC(C)C)C(=O)N=C(O)NC1=O,missing,missing,missing,missing,missing,Safe,1
174,Sparteine Sulphate,CID72325,CHEMBL2303617,USA,toxic_teratogen,Small molecule,MOL,False,CHEMBL2303617,4.0,,1,0,False,False,False,0,-2,,,United States,,2.35,0,0.04,2.03,,9.16,422.54,2,2,0,0,17,BASE,234.39,234.2096,0,0,6.48,0.63,Y,0,CHEMBL412873,C1CCN2C[C@H]3C[C@H](CN4CCCC[C@H]34)[C@@H]2C1,SLRCCWJSBJZJBV-TUVASFSCSA-N,C1CCN2C[C@H]3C[C@H](CN4CCCC[C@H]34)[C@@H]2C1.O.O.O.O.O.O=S(=O)(O)O,missing,missing,missing,missing,missing,Safe,1
175,Methapyrilene,CID4098,CHEMBL1411979,Worldwide,toxic_carcinogenic,Small molecule,MOL,False,CHEMBL1411979,4.0,R06AC05,2,0,False,False,False,0,-2,1979,Animal carcinogenicity (rodents),United Kingdom; United States; Germany,Carcinogenicity,2.71,2,1.73,3.11,,8.76,261.39,4,3,0,0,18,BASE,261.39,261.1300,0,0,19.37,0.80,N,6,CHEMBL1411979,CN(C)CCN(Cc1cccs1)c1ccccn1,HNJJXZKZRAWDPF-UHFFFAOYSA-N,CN(C)CCN(Cc1cccs1)c1ccccn1,missing,missing,missing,missing,missing,Safe,1
176,Pyrovalerone,CID14373,CHEMBL201960,ESP;FRA,toxic_hema; toxic_systemic,Small molecule,MOL,False,CHEMBL201960,4.0,,0,0,False,False,False,0,-2,1979,Misuse and abuse,France,Misuse,3.44,1,3.23,3.88,,7.93,245.37,2,2,0,0,18,NEUTRAL,245.37,245.1780,0,0,20.31,0.74,N,5,CHEMBL201960,CCCC(C(=O)c1ccc(C)cc1)N1CCCC1,SWUVZKWCOBGPTH-UHFFFAOYSA-N,CCCC(C(=O)c1ccc(C)cc1)N1CCCC1,missing,missing,missing,missing,missing,Safe,1
177,Phenolphthalein,CID4764,CHEMBL63857,BGD;BHR;FRA;GRC;JPN;MAR;NOR;OMN;SAU;USA;YEM,"toxic_carcinogenic, toxic_dermis",Small molecule,MOL,False,CHEMBL63857,4.0,A06AB04,2,0,False,False,False,0,-1,,,,,3.56,3,4.35,4.35,9.16,,318.33,4,4,2,2,24,NEUTRAL,318.33,318.0892,0,0,66.76,0.71,N,2,CHEMBL63857,O=C1OC(c2ccc(O)cc2)(c2ccc(O)cc2)c2ccccc21,KJFMBFZCATUALV-UHFFFAOYSA-N,O=C1OC(c2ccc(O)cc2)(c2ccc(O)cc2)c2ccccc21,missing,missing,missing,missing,missing,Safe,1
179,Alclofenac,CID30951,CHEMBL94081,CYP;DEU;DNK;GBR;GRC;IDN;IND;IRL;ITA;JOR;MAR;NZL,toxic_dermis,Small molecule,MOL,False,CHEMBL94081,4.0,M01AB06,2,0,False,False,False,0,-2,1979,Vasculitis; Rash,United Kingdom,Dermatological toxicity; Vascular toxicity,2.53,1,-0.51,2.79,3.71,,226.66,2,3,1,1,15,ACID,226.66,226.0397,0,0,46.53,0.79,N,5,CHEMBL94081,C=CCOc1ccc(CC(=O)O)cc1Cl,ARHWPKZXBHOEEE-UHFFFAOYSA-N,C=CCOc1ccc(CC(=O)O)cc1Cl,missing,missing,missing,missing,missing,Safe,1
181,Plydexide sulfate,CID3085263,CHEMBL2107943,GBR,toxic_opthalmic,Small molecule,NONE,False,CHEMBL2107943,4.0,,1,0,False,False,False,0,-2,1975,,United Kingdom,,missing,missing,missing,missing,missing,missing,missing,missing,missing,missing,missing,missing,missing,missing,missing,missing,missing,missing,missing,missing,missing,CHEMBL2107943,missing,missing,,missing,missing,missing,missing,missing,Safe,1
182,Piperazine,CID4837,CHEMBL1412,ITA,carinogenicity,Small molecule,MOL,True,CHEMBL1412,4.0,P02CB01,2,0,False,False,False,0,-1,,,,,-0.82,0,-2.86,-0.73,,9.56,86.14,2,2,2,2,6,BASE,86.14,86.0844,0,0,24.06,0.40,Y,0,CHEMBL1412,C1CNCCN1,GLUUGHFHXGJENI-UHFFFAOYSA-N,C1CNCCN1,missing,missing,missing,missing,missing,Safe,1
183,Erythromycin estolate,CID71277,CHEMBL2220427,BGD;BHR;DNK;GRC;MUS;PER;SDN;SWE,toxic_hepa,Small molecule,MOL,True,CHEMBL2220427,4.0,,1,0,True,False,False,0,0,,,,,2.75,0,3.14,3.74,12.68,7.87,790.00,15,15,4,4,55,NEUTRAL,790.00,789.4875,2,2,199.98,0.25,N,9,CHEMBL2220427,CCC(=O)O[C@H]1[C@H](O[C@@H]2[C@@H](C)[C@H](O[C@H]3C[C@@](C)(OC)[C@@H](O)[C@H](C)O3)[C@@H](C)C(=O)O[C@H](CC)[C@@](C)(O)[C@H](O)[C@@H](C)C(=O)[C@H](C)C[C@@]2(C)O)O[C@H](C)C[C@@H]1N(C)C,TYQXKHPOXXXCTP-CSLYCKPJSA-N,CCC(=O)O[C@H]1[C@H](O[C@@H]2[C@@H](C)[C@H](O[C@H]3C[C@@](C)(OC)[C@@H](O)[C@H](C)O3)[C@@H](C)C(=O)O[C@H](CC)[C@@](C)(O)[C@H](O)[C@@H](C)C(=O)[C@H](C)C[C@@]2(C)O)O[C@H](C)C[C@@H]1N(C)C,missing,missing,missing,missing,missing,Safe,1
184,Buformin,CID2468,CHEMBL39736,BEL;CAN;DEU;GBR;USA,toxic_hema,Small molecule,MOL,False,CHEMBL39736,4.0,A10BA03,2,0,False,False,False,0,-2,1978,Metabolic toxicity,Germany,Metabolism toxicity,-0.63,0,-4.28,-0.35,,11.52,157.22,1,5,3,6,11,BASE,157.22,157.1327,1,0,102.78,0.29,N,3,CHEMBL39736,CCCC/N=C(/N)N=C(N)N,XSEUMFJMFFMCIU-UHFFFAOYSA-N,CCCC/N=C(/N)N=C(N)N,missing,missing,missing,missing,missing,Safe,1
185,Phenformin,CID8249,CHEMBL170988,AUT;BRA;CAN;DEU;ETH;FIN;GBR;HKG;IRL;NLD;NOR;NZL;SAU;SWE;THAT;TUR;USA;YEM,toxic_hema,Small molecule,MOL,True,CHEMBL170988,4.0,A10BA01,2,0,False,False,False,0,-2,1977,Severe Metabolic Acidosis,United States; Germany; France,Metabolism toxicity,0.24,1,-3.73,0.83,,11.97,205.26,2,5,5,6,15,BASE,205.26,205.1327,1,0,97.78,0.36,N,3,CHEMBL170988,N=C(N)NC(=N)NCCc1ccccc1,ICFJFFQQTFMIBG-UHFFFAOYSA-N,N=C(N)NC(=N)NCCc1ccccc1,missing,missing,missing,missing,missing,Safe,1
186,Urethane,CID5641,CHEMBL462547,BRA;CAN;CUB;DEU;EGY;GBR;JPN;THA;USA;VEN,toxic_carcinogenic,Small molecule,MOL,False,CHEMBL462547,4.0,,2,0,False,False,False,0,-2,,,United States,,0.10,0,-0.05,-0.05,,,89.09,2,3,1,2,6,NEUTRAL,89.09,89.0477,0,0,52.32,0.50,Y,1,CHEMBL462547,CCOC(N)=O,JOYRKODLDBILNP-UHFFFAOYSA-N,CCOC(N)=O,missing,missing,missing,missing,missing,Safe,1
188,Azaribine,CID16574,CHEMBL515914,MUS;SAU;THA;USA;VEN,toxic_hema,Small molecule,MOL,False,CHEMBL515914,4.0,,1,0,False,False,False,0,-2,1976,Thromboembolism,United States,Vascular toxicity,-1.74,1,-1.76,-1.07,6.78,,371.30,11,12,1,1,26,NEUTRAL,371.30,371.0965,1,1,155.88,0.47,N,5,CHEMBL515914,CC(=O)OC[C@H]1O[C@@H](n2ncc(=O)[nH]c2=O)[C@H](OC(C)=O)[C@@H]1OC(C)=O,QQOBRRFOVWGIMD-OJAKKHQRSA-N,CC(=O)OC[C@H]1O[C@@H](n2ncc(=O)[nH]c2=O)[C@H](OC(C)=O)[C@@H]1OC(C)=O,missing,missing,missing,missing,missing,Safe,1
189,Pifoxime,CID9570475,CHEMBL1998966,FRA,toxic_neuro,Small molecule,MOL,False,CHEMBL1998966,4.0,,2,0,False,False,False,0,-2,1976,Neuropsychiatric Reaction,France,Neurotoxicity; Psychiatric toxicity,2.28,1,1.19,1.35,7.76,2.14,276.34,4,5,1,1,20,NEUTRAL,276.34,276.1474,0,0,62.13,0.52,N,4,CHEMBL1998966,C/C(=N\O)c1ccc(OCC(=O)N2CCCCC2)cc1,XUDSQIDNHJMBBW-FOWTUZBSSA-N,C/C(=N\O)c1ccc(OCC(=O)N2CCCCC2)cc1,missing,missing,missing,missing,missing,Safe,1
190,Chloroform,CID6212,CHEMBL44618,BEL;BGD;BRA;DEU;ETH;GBR;IRL;JPN;NGA;NOR;OMN;PAN;PHL;SAU,toxic_carcinogenic,Small molecule,MOL,False,CHEMBL44618,4.0,N01AB02,2,0,False,False,False,0,-2,,,United States,,1.99,0,1.83,1.83,,,119.38,0,0,0,0,4,,119.38,117.9144,0,0,0.00,0.43,Y,0,CHEMBL44618,ClC(Cl)Cl,HEDRZPFGACZZDS-UHFFFAOYSA-N,ClC(Cl)Cl,missing,missing,missing,missing,missing,Safe,1
192,Clozapine,CID2818,CHEMBL42,USA;EU,toxic_hema,Small molecule,MOL,True,CHEMBL42,4.0,N05AH02,2,0,True,False,False,1,1,,,,,3.72,2,3.12,3.40,,7.35,326.83,4,4,1,1,23,NEUTRAL,326.83,326.1298,0,0,30.87,0.80,N,0,CHEMBL42,CN1CCN(C2=Nc3cc(Cl)ccc3Nc3ccccc32)CC1,QZUDBNBUXVUHMW-UHFFFAOYSA-N,CN1CCN(C2=Nc3cc(Cl)ccc3Nc3ccccc32)CC1,missing,missing,missing,missing,missing,toxic_cardio+toxic_hema+toxic_neuro+toxic_vascular,1
193,Practolol,CID4883,CHEMBL6995,FIN;GRC;MUS;NZL;THA;TUR,toxic_dermis,Small molecule,MOL,True,CHEMBL6995,4.0,C07AB01,0,0,False,False,False,0,-1,,,,,1.38,1,-1.39,0.83,,9.67,266.34,4,5,3,3,19,BASE,266.34,266.1630,0,0,70.59,0.70,N,7,CHEMBL6995,CC(=O)Nc1ccc(OCC(O)CNC(C)C)cc1,DURULFYMVIFBIR-UHFFFAOYSA-N,CC(=O)Nc1ccc(OCC(O)CNC(C)C)cc1,missing,missing,missing,missing,missing,Safe,1
194,Mebanazine,CID6179,CHEMBL1909283,GBR,toxic_hepa,Small molecule,MOL,False,CHEMBL1909283,4.0,,0,0,False,False,False,0,-2,1975,Hepatotoxicity; Drug Interaction,United Kingdom,Hepatotoxicity,1.21,1,1.33,1.33,,5.33,136.20,2,2,2,3,10,NEUTRAL,136.20,136.1000,0,0,38.05,0.47,Y,2,CHEMBL1909283,CC(NN)c1ccccc1,HHRZAEJMHSGZNP-UHFFFAOYSA-N,CC(NN)c1ccccc1,missing,missing,missing,missing,missing,Safe,1
196,Phenacetin,CID4754,CHEMBL16073,Worldwide,"toxic_carcinogenic, toxic_nephro",Small molecule,MOL,False,CHEMBL16073,4.0,N02BE53+N02BE03+N02BE73,2,0,False,False,False,0,-2,1980,Nephropathy,United Kingdom; United States; Germany; Denmark,Nephrotoxicity,2.04,1,1.41,1.41,,,179.22,2,3,1,1,13,NEUTRAL,179.22,179.0946,0,0,38.33,0.77,Y,3,CHEMBL16073,CCOc1ccc(NC(C)=O)cc1,CPJSUEIXXCENMM-UHFFFAOYSA-N,CCOc1ccc(NC(C)=O)cc1,missing,missing,missing,missing,missing,Safe,1
197,Nialamide,CID4472,CHEMBL1256841,CUB;DNK;GBR;IND;JPN;THA;USA;VEN,toxic_hepa,Small molecule,MOL,False,CHEMBL1256841,4.0,N06AF02,2,0,False,False,False,0,-2,1974,Hepatotoxicity; Drug Interaction,United Kingdom; United States,Hepatotoxicity,1.02,2,0.39,0.39,13.65,3.41,298.35,4,6,3,3,22,NEUTRAL,298.35,298.1430,0,0,83.12,0.53,N,7,CHEMBL1256841,O=C(CCNNC(=O)c1ccncc1)NCc1ccccc1,NOIIUHRQUVNIDD-UHFFFAOYSA-N,O=C(CCNNC(=O)c1ccncc1)NCc1ccccc1,missing,missing,missing,missing,missing,Safe,1
198,Isocarboxazid,CID3759,CHEMBL1201168,CUB;JPN;VEN,toxic_hepa,Small molecule,MOL,True,CHEMBL1201168,4.0,N06AF01,2,0,True,False,False,1,1,,,,,1.42,2,1.43,1.43,10.42,2.83,231.25,4,5,2,2,17,NEUTRAL,231.25,231.1008,0,0,67.16,0.78,N,4,CHEMBL1201168,Cc1cc(C(=O)NNCc2ccccc2)no1,XKFPYPQQHFEXRZ-UHFFFAOYSA-N,Cc1cc(C(=O)NNCc2ccccc2)no1,missing,missing,missing,missing,missing,toxic_psyche,1
199,Dipyrone,CID3111,CHEMBL461522,GBR; USA,toxic_hema,Small molecule,MOL,False,CHEMBL461522,4.0,,2,0,False,False,False,0,-2,1975,Agranulocytosis; Anaphylactic Reaction,United Kingdom; United States; Grecia; Suecia; Nepal; Zimbabwe; Yemen,Hematological toxicity; Immune system toxicity,0.77,2,-2.25,-0.82,-1.42,,311.36,6,7,1,1,21,ACID,311.36,311.0940,0,0,84.54,0.84,N,4,CHEMBL461522,Cc1c(N(C)CS(=O)(=O)O)c(=O)n(-c2ccccc2)n1C,LVWZTYCIRDMTEY-UHFFFAOYSA-N,Cc1c(N(C)CS(=O)(=O)O)c(=O)n(-c2ccccc2)n1C,missing,missing,missing,missing,missing,Safe,1
200,Methamphetamine Hydrocloride,CID66124,CHEMBL1200952,USA,toxic_systemic,Small molecule,MOL,True,CHEMBL1200952,4.0,,1,0,True,False,False,1,1,,,United States,,1.84,1,-0.44,2.24,,10.21,185.70,1,1,1,1,11,BASE,149.24,149.1204,0,0,12.03,0.69,Y,3,CHEMBL1201201,CN[C@@H](C)Cc1ccccc1,MYWUZJCMWCOHBA-VIFPVBQESA-N,CN[C@@H](C)Cc1ccccc1.Cl,missing,missing,missing,missing,missing,Safe,1
201,Adenosine Phosphate,CID6083,CHEMBL752,USA,toxic_cardio,Small molecule,MOL,False,CHEMBL752,4.0,,1,0,False,False,False,0,-2,,,United States,,-1.86,2,-5.75,-4.75,1.22,4.88,347.22,10,12,5,6,23,ACID,347.22,347.0631,2,0,186.07,0.39,N,4,CHEMBL752,Nc1ncnc2c1ncn2[C@@H]1O[C@H](COP(=O)(O)O)[C@@H](O)[C@H]1O,UDMBCSSLTHHNCD-KQYNXXCUSA-N,Nc1ncnc2c1ncn2[C@@H]1O[C@H](COP(=O)(O)O)[C@@H](O)[C@H]1O,missing,missing,missing,missing,missing,Safe,1
202,Diethylstilbestrol,CID448537,CHEMBL411,ITA;PAN;SAU;TUN,toxic_teratogen,Small molecule,MOL,True,CHEMBL411,4.0,G03CB02+G03CC05+L02AA01,2,0,True,True,True,0,-2,,,United States,,4.83,2,5.17,5.19,8.63,,268.36,2,2,2,2,20,NEUTRAL,268.36,268.1463,0,0,40.46,0.78,N,4,CHEMBL411,CC/C(=C(/CC)c1ccc(O)cc1)c1ccc(O)cc1,RGLYKWWBQGJZGM-ISLYRVAYSA-N,CC/C(=C(/CC)c1ccc(O)cc1)c1ccc(O)cc1,missing,missing,missing,missing,missing,Safe,1
203,Diamthazole,CID8708,CHEMBL1184360,FRA; USA,toxic_neuro,Small molecule,MOL,False,CHEMBL1184360,4.0,D01AE17,2,0,False,False,False,0,-2,1972,Neuropsychiatric Reaction,France; United States,Neurotoxicity; Psychiatric toxicity,3.08,2,1.60,3.48,,9.28,293.44,5,4,0,0,20,BASE,293.44,293.1562,0,0,28.60,0.78,N,7,CHEMBL1184360,CCN(CC)CCOc1ccc2nc(N(C)C)sc2c1,WGMYEOIMVYADRJ-UHFFFAOYSA-N,CCN(CC)CCOc1ccc2nc(N(C)C)sc2c1,missing,missing,missing,missing,missing,Safe,1
205,Hexachlorophene,CID3598,CHEMBL496,JPN;PER;SUN;TUR,toxic_neuro,Small molecule,MOL,True,CHEMBL496,4.0,D08AE01,2,0,False,False,True,0,1,,,,,6.61,2,5.18,7.08,5.15,,406.91,2,2,2,2,21,ACID,406.91,403.8499,1,1,40.46,0.55,N,2,CHEMBL496,Oc1c(Cl)cc(Cl)c(Cl)c1Cc1c(O)c(Cl)cc(Cl)c1Cl,ACGUYXCXAPNIKK-UHFFFAOYSA-N,Oc1c(Cl)cc(Cl)c(Cl)c1Cc1c(O)c(Cl)cc(Cl)c1Cl,missing,missing,missing,missing,missing,Safe,1
206,Triacetyldiphenolisatin,CID29321,CHEMBL1909288,AUS;CAN;CYP;DEU;ITA;NZL;VEN,toxic_hepa,Small molecule,MOL,False,CHEMBL1909288,4.0,,2,0,False,False,False,0,-2,1971,Hepatotoxicity,Australia,Hepatotoxicity,3.76,3,3.28,3.28,,,443.46,6,7,0,0,33,NEUTRAL,443.46,443.1369,0,0,89.98,0.45,N,4,CHEMBL1909288,CC(=O)Oc1ccc(C2(c3ccc(OC(C)=O)cc3)C(=O)N(C(C)=O)c3ccccc32)cc1,JPGUEMQIAGJQSJ-UHFFFAOYSA-N,CC(=O)Oc1ccc(C2(c3ccc(OC(C)=O)cc3)C(=O)N(C(C)=O)c3ccccc32)cc1,missing,missing,missing,missing,missing,Safe,1
209,Fenclozic acid,CID28858,CHEMBL1909282,GBR; USA,toxic_hepa,Small molecule,MOL,False,CHEMBL1909282,4.0,,2,0,False,False,False,0,-2,1970,Jaundice; Elevated Hepatic Enzymes,United Kingdom; United States,Hepatotoxicity,3.09,2,0.28,3.28,4.25,2.01,253.71,3,3,1,1,16,ACID,253.71,252.9964,0,0,50.19,0.91,N,3,CHEMBL1909282,O=C(O)Cc1csc(-c2ccc(Cl)cc2)n1,APBSKHYXXKHJFK-UHFFFAOYSA-N,O=C(O)Cc1csc(-c2ccc(Cl)cc2)n1,missing,missing,missing,missing,missing,Safe,1
210,Mepazine Hydrochloride,CID102907,CHEMBL395110,USA,toxic_neuro,Small molecule,MOL,False,CHEMBL395110,4.0,,0,0,False,False,False,0,-2,,,United States,,4.63,2,3.07,4.38,,8.70,310.47,3,2,0,0,22,BASE,310.47,310.1504,0,0,6.48,0.80,N,2,CHEMBL395110,CN1CCCC(CN2c3ccccc3Sc3ccccc32)C1,CBHCDHNUZWWAPP-UHFFFAOYSA-N,CN1CCCC(CN2c3ccccc3Sc3ccccc32)C1,missing,missing,missing,missing,missing,Safe,1
211,Clioquinol,CID2788,CHEMBL497,Worldwide,toxic_neuro,Small molecule,MOL,True,CHEMBL497,4.0,D09AA10+P01AA02+P01AA52+S02AA05+G01AC02+D08AH30,2,0,False,False,True,0,-2,1973,Neurotoxicity,United Kingdom; United States; Germany; France; Japan,Neurotoxicity,3.20,2,3.03,3.36,7.34,3.28,305.50,2,2,1,1,13,NEUTRAL,305.50,304.9104,0,0,33.12,0.76,N,0,CHEMBL497,Oc1c(I)cc(Cl)c2cccnc12,QCDFBFJGMNKBDO-UHFFFAOYSA-N,Oc1c(I)cc(Cl)c2cccnc12,missing,missing,missing,missing,missing,Safe,1
212,Amoproxan,CID31473,CHEMBL2104537,FRA,"toxic_dermis, toxic_opthalmic",Small molecule,MOL,False,CHEMBL2104537,4.0,,0,0,False,False,False,0,-2,1970,Dermatologic and Ophthalmic Toxicity,France,Dermatological toxicity,2.63,1,2.91,2.93,,6.11,425.52,8,8,0,0,30,NEUTRAL,425.52,425.2414,0,0,75.69,0.37,N,12,CHEMBL2104537,COc1cc(C(=O)OC(COCCC(C)C)CN2CCOCC2)cc(OC)c1OC,YOKPRDAUBGOISU-UHFFFAOYSA-N,COc1cc(C(=O)OC(COCCC(C)C)CN2CCOCC2)cc(OC)c1OC,missing,missing,missing,missing,missing,Safe,1
213,Dihydrostreptomycin,CID439369,CHEMBL1950576,DOM;ITA;PHL;USA,toxic_neuro,Small molecule,MOL,False,CHEMBL1950576,4.0,S01AA15,1,0,False,False,False,0,-2,1970,Neuropsychiatric Reaction,United States,Neurotoxicity; Psychiatric toxicity,-7.95,0,-12.52,-7.35,11.91,11.20,583.60,15,19,15,17,40,BASE,583.60,583.2813,3,3,334.59,0.09,N,9,CHEMBL1950576,CN[C@@H]1[C@H](O[C@H]2[C@H](O[C@@H]3[C@@H](NC(=N)N)[C@H](O)[C@@H](NC(=N)N)[C@H](O)[C@H]3O)O[C@@H](C)[C@]2(O)CO)O[C@@H](CO)[C@H](O)[C@H]1O,ASXBYYWOLISCLQ-HZYVHMACSA-N,CN[C@@H]1[C@H](O[C@H]2[C@H](O[C@@H]3[C@@H](NC(=N)N)[C@H](O)[C@@H](NC(=N)N)[C@H](O)[C@H]3O)O[C@@H](C)[C@]2(O)CO)O[C@@H](CO)[C@H](O)[C@H]1O,missing,missing,missing,missing,missing,Safe,1
214,Sulfathiazole,CID5340,CHEMBL437,DOM;PHL;USA,toxic_hepa,Small molecule,MOL,True,CHEMBL437,4.0,D06BA02+J01EB07,2,0,False,False,True,0,-2,,,United States,,1.53,2,0.50,0.98,6.93,2.04,255.32,5,5,2,3,16,NEUTRAL,255.32,255.0136,0,0,85.08,0.81,N,3,CHEMBL437,Nc1ccc(S(=O)(=O)Nc2nccs2)cc1,JNMRHUJNCSQMMB-UHFFFAOYSA-N,Nc1ccc(S(=O)(=O)Nc2nccs2)cc1,missing,missing,missing,missing,missing,Safe,1
215,Oxyphenisatin acetate,CID8269,CHEMBL1402684,Worldwide,toxic_hepa,Small molecule,MOL,False,CHEMBL1402684,4.0,A06AB01,2,0,False,False,False,0,-2,1971,Hepatic toxicity,Australia; Germany; France; United Kingdom; United States,Hepatotoxicity,3.82,3,3.65,3.65,12.80,,401.42,5,6,1,1,30,NEUTRAL,401.42,401.1263,0,0,81.70,0.53,N,4,CHEMBL1402684,CC(=O)Oc1ccc(C2(c3ccc(OC(C)=O)cc3)C(=O)Nc3ccccc32)cc1,PHPUXYRXPHEJDF-UHFFFAOYSA-N,CC(=O)Oc1ccc(C2(c3ccc(OC(C)=O)cc3)C(=O)Nc3ccccc32)cc1,missing,missing,missing,missing,missing,Safe,1
216,Aminopyrine,CID6009,CHEMBL288470,USA,toxic_nephro,Small molecule,MOL,False,CHEMBL288470,4.0,N02BB73+N02BB03+N02BB53,2,0,False,False,False,0,-2,1970,Agranulocytosis,United Kingdom; United States; Germany; France,Hematological toxicity,1.55,2,1.15,1.15,,3.66,231.30,4,4,0,0,17,NEUTRAL,231.30,231.1372,0,0,30.17,0.78,N,2,CHEMBL288470,Cc1c(N(C)C)c(=O)n(-c2ccccc2)n1C,RMMXTBMQSGEXHJ-UHFFFAOYSA-N,Cc1c(N(C)C)c(=O)n(-c2ccccc2)n1C,missing,missing,missing,missing,missing,Safe,1
217,Cloforex,CID26602,CHEMBL1697686,DEU;FRA;SWE;VEN,toxic_cardio,Small molecule,MOL,False,CHEMBL1697686,4.0,,2,0,False,False,False,0,-2,1969,Cardiovascular,Germany,Cardiotoxicity,3.41,1,3.48,3.48,,,255.75,2,3,1,1,17,NEUTRAL,255.75,255.1026,0,0,38.33,0.90,N,4,CHEMBL1697686,CCOC(=O)NC(C)(C)Cc1ccc(Cl)cc1,TZWKUQDQKPYNLL-UHFFFAOYSA-N,CCOC(=O)NC(C)(C)Cc1ccc(Cl)cc1,missing,missing,missing,missing,missing,Safe,1
218,Anagestone acetate,CID70693507,CHEMBL2104489,AUT;DEU;KWT,toxic_carcinogenic,Small molecule,MOL,False,CHEMBL2104489,4.0,,0,0,False,False,False,0,-2,1969,Animal Carcinogenicity,Germany,Carcinogenicity,5.48,0,4.95,4.95,,,372.55,3,3,0,0,27,NEUTRAL,372.55,372.2664,1,1,43.37,0.48,N,2,CHEMBL2104489,CC(=O)O[C@]1(C(C)=O)CCC2[C@@H]3C[C@H](C)C4=CCCC[C@]4(C)[C@H]3CC[C@@]21C,KDLNOQQQEBKBQM-HDFGVWRLSA-N,CC(=O)O[C@]1(C(C)=O)CCC2[C@@H]3C[C@H](C)C4=CCCC[C@]4(C)[C@H]3CC[C@@]21C,missing,missing,missing,missing,missing,Safe,1
219,Megestrol Acetate,CID11683,CHEMBL1201139,FRA,toxic_carcinogenic,Small molecule,MOL,True,CHEMBL1201139,4.0,L02AB01+G03DB02+G03AC05,1,0,True,False,False,0,1,,,,,4.58,0,3.72,3.72,,,384.52,4,4,0,0,28,NEUTRAL,384.52,384.2301,0,0,60.44,0.65,N,2,CHEMBL1201139,CC(=O)O[C@]1(C(C)=O)CC[C@H]2[C@@H]3C=C(C)C4=CC(=O)CC[C@]4(C)[C@H]3CC[C@@]21C,RQZAXGRLVPAYTJ-GQFGMJRRSA-N,CC(=O)O[C@]1(C(C)=O)CC[C@H]2[C@@H]3C=C(C)C4=CC(=O)CC[C@]4(C)[C@H]3CC[C@@]21C,missing,missing,missing,missing,missing,Safe,1
220,Chlorphentermine,CID10007,CHEMBL1201269,DEU;VEN,toxic_cardio,Small molecule,MOL,True,CHEMBL1201269,4.0,,2,0,True,False,False,0,-2,1969,Cardiovascular,Germany,Cardiotoxicity,2.62,1,0.07,2.69,,10.24,183.68,1,1,1,2,12,BASE,183.68,183.0815,0,0,26.02,0.75,Y,2,CHEMBL1201269,CC(C)(N)Cc1ccc(Cl)cc1,ZCKAMNXUHHNZLN-UHFFFAOYSA-N,CC(C)(N)Cc1ccc(Cl)cc1,missing,missing,missing,missing,missing,Safe,1
221,Pipamazine,CID6761,CHEMBL1909072,USA,toxic_hepa,Small molecule,MOL,False,CHEMBL1909072,4.0,,2,0,False,False,False,0,-2,,,United States,,4.53,2,2.45,3.80,,8.73,401.96,4,4,1,2,27,BASE,401.96,401.1329,0,0,49.57,0.80,N,5,CHEMBL1909072,NC(=O)C1CCN(CCCN2c3ccccc3Sc3ccc(Cl)cc32)CC1,OSJJYEUEJRVVOD-UHFFFAOYSA-N,NC(=O)C1CCN(CCCN2c3ccccc3Sc3ccc(Cl)cc32)CC1,missing,missing,missing,missing,missing,Safe,1
222,Ibufenac,CID15250,CHEMBL341812,GBR,toxic_hepa,Small molecule,MOL,False,CHEMBL341812,4.0,,2,0,False,False,False,0,-2,1968,Hepatotoxicity; Jaundice,United Kingdom,Hepatotoxicity,2.51,1,0.80,3.30,4.86,,192.26,1,2,1,1,14,ACID,192.26,192.1150,0,0,37.30,0.80,N,4,CHEMBL341812,CC(C)Cc1ccc(CC(=O)O)cc1,CYWFCPPBTWOZSF-UHFFFAOYSA-N,CC(C)Cc1ccc(CC(=O)O)cc1,missing,missing,missing,missing,missing,Safe,1
224,Bithionol,CID2406,CHEMBL290106,JPN;USA,toxic_dermis,Small molecule,MOL,False,CHEMBL290106,4.0,D10AB01+P02BX01,2,0,False,False,False,0,-2,1967,Dermatologic Toxicity,United States,Dermatological toxicity,5.86,2,3.98,5.97,4.89,,356.06,3,2,2,2,19,ACID,356.06,353.8843,1,1,40.46,0.71,N,2,CHEMBL290106,Oc1c(Cl)cc(Cl)cc1Sc1cc(Cl)cc(Cl)c1O,JFIOVJDNOJYLKP-UHFFFAOYSA-N,Oc1c(Cl)cc(Cl)cc1Sc1cc(Cl)cc(Cl)c1O,missing,missing,missing,missing,missing,Safe,1
225,Sulfadimethoxine,CID5323,CHEMBL62193,USA,toxic_dermis,Small molecule,MOL,True,CHEMBL62193,4.0,J01ED01,2,0,False,False,False,0,-2,,,United States,,0.88,2,0.78,1.26,6.91,1.99,310.34,7,8,2,3,21,NEUTRAL,310.34,310.0736,0,0,116.43,0.79,N,5,CHEMBL62193,COc1cc(NS(=O)(=O)c2ccc(N)cc2)nc(OC)n1,ZZORFUFYDOWNEF-UHFFFAOYSA-N,COc1cc(NS(=O)(=O)c2ccc(N)cc2)nc(OC)n1,missing,missing,missing,missing,missing,Safe,1
226,Phenoxypropazine,CID71467,CHEMBL1909286,GBR,toxic_hepa,Small molecule,MOL,False,CHEMBL1909286,4.0,,0,0,False,False,False,0,-2,1966,Hepatotoxicity; Drug Interaction,United Kingdom,Hepatotoxicity,0.92,1,1.25,1.25,,5.45,166.22,3,3,2,3,12,NEUTRAL,166.22,166.1106,0,0,47.28,0.52,N,4,CHEMBL1909286,CC(COc1ccccc1)NN,QNEXFJFTGQBXBJ-UHFFFAOYSA-N,CC(COc1ccccc1)NN,missing,missing,missing,missing,missing,Safe,1
227,Aminoglutethimide,CID2145,CHEMBL488,SAU;USA,toxic_systemic,Small molecule,MOL,True,CHEMBL488,4.0,L02BG01,0,0,True,False,False,0,0,,,,,1.35,1,1.30,1.30,11.69,4.28,232.28,3,4,2,3,17,NEUTRAL,232.28,232.1212,0,0,72.19,0.60,N,2,CHEMBL488,CCC1(c2ccc(N)cc2)CCC(=O)NC1=O,ROBVIMPUHSLWNV-UHFFFAOYSA-N,CCC1(c2ccc(N)cc2)CCC(=O)NC1=O,missing,missing,missing,missing,missing,Safe,1
228,Xenazoic acid,CID239062,CHEMBL1909289,BEL;FRA;VEN,toxic_hepa,Small molecule,MOL,False,CHEMBL1909289,4.0,,0,0,False,False,False,0,-2,1965,Hepatotoxicity,Francia,Hepatotoxicity,4.71,3,2.04,4.69,4.68,,375.42,4,5,2,2,28,ACID,375.42,375.1471,0,0,75.63,0.44,N,8,CHEMBL1909289,CCOC(Nc1ccc(C(=O)O)cc1)C(=O)c1ccc(-c2ccccc2)cc1,BPOMPTVRBWXZBY-UHFFFAOYSA-N,CCOC(Nc1ccc(C(=O)O)cc1)C(=O)c1ccc(-c2ccccc2)cc1,missing,missing,missing,missing,missing,Safe,1
229,Pronetalol,CID4930,CHEMBL16476,GBR,toxic_carcinogenic,Small molecule,MOL,False,CHEMBL16476,4.0,,0,0,False,False,False,0,-2,1965,Animal carcinogenicity (rodent),United Kingdom,Carcinogenicity,2.87,2,0.53,2.66,,9.57,229.32,2,2,2,2,17,BASE,229.32,229.1467,0,0,32.26,0.84,N,4,CHEMBL16476,CC(C)NCC(O)c1ccc2ccccc2c1,HRSANNODOVBCST-UHFFFAOYSA-N,CC(C)NCC(O)c1ccc2ccccc2c1,missing,missing,missing,missing,missing,Safe,1
230,Methopholine,CID16538,CHEMBL2106915,USA,toxic_opthalmic,Small molecule,MOL,False,CHEMBL2106915,4.0,,0,0,False,False,False,0,-2,1965,Unspecific Experimental Toxicity,United States,,4.52,2,3.79,4.76,,8.32,345.87,3,3,0,0,24,NEUTRAL,345.87,345.1496,0,0,21.70,0.79,N,5,CHEMBL2106915,COc1cc2c(cc1OC)C(CCc1ccc(Cl)cc1)N(C)CC2,YBCPYHQFUMNOJG-UHFFFAOYSA-N,COc1cc2c(cc1OC)C(CCc1ccc(Cl)cc1)N(C)CC2,missing,missing,missing,missing,missing,Safe,1
231,Butamben,CID2482,CHEMBL127516,USA,toxic_dermis,Small molecule,MOL,False,CHEMBL127516,4.0,,2,0,False,False,False,0,-2,1964,Dermatologic Toxicity; Psychiatric Reaction,United States,Dermatological toxicity; Psychiatric toxicity,2.23,1,2.47,2.47,,2.76,193.25,3,3,1,2,14,NEUTRAL,193.25,193.1103,0,0,52.32,0.45,N,4,CHEMBL127516,CCCCOC(=O)c1ccc(N)cc1,IUWVALYLNVXWKX-UHFFFAOYSA-N,CCCCOC(=O)c1ccc(N)cc1,missing,missing,missing,missing,missing,Safe,1
232,Dithiazanine iodide,CID5702697,CHEMBL421701,CUB;FRA;ITA;TCD;USA,toxic_cardio,Small molecule,MOL,False,CHEMBL421701,4.0,,2,0,False,False,False,0,-2,1964,Cardiovascular and Metabolic Reaction,United States; France,Cardiotoxicity; Metabolism toxicity,6.25,3,2.52,2.52,,,518.49,3,2,0,0,27,NEUTRAL,391.59,391.1297,1,1,7.12,0.37,N,5,CHEMBL1185568,CCN1C(=CC=CC=Cc2sc3ccccc3[n+]2CC)Sc2ccccc21,FYXWDSGGZAMYFZ-UHFFFAOYSA-N,CCN1/C(=C/C=C/C=C/c2sc3ccccc3[n+]2CC)Sc2ccccc21.[I-],missing,missing,missing,missing,missing,Safe,1
234,Benziodarone,CID6237,CHEMBL232201,ESP;FRA;GBR,toxic_hepa,Small molecule,MOL,False,CHEMBL232201,4.0,C01DX04+C01DX54,2,0,False,False,False,0,-2,1964,Jaundice ,United Kingdom; France,Hepatotoxicity,5.14,3,4.25,5.87,5.61,,518.09,3,3,1,1,22,ACID,518.09,517.8876,2,2,50.44,0.39,N,3,CHEMBL232201,CCc1oc2ccccc2c1C(=O)c1cc(I)c(O)c(I)c1,CZCHIEJNWPNBDE-UHFFFAOYSA-N,CCc1oc2ccccc2c1C(=O)c1cc(I)c(O)c(I)c1,missing,missing,missing,missing,missing,Safe,1
236,Danthron,CID2950,CHEMBL53418,CAN;DEU;GBR;NOR;SGP;USA,toxic_carcinogenic,Small molecule,MOL,False,CHEMBL53418,4.0,A06AB53+A06AB03,2,0,False,False,False,0,-2,,Carcinogenicity,United States,Carcinogenicity,1.87,2,3.48,3.61,7.89,,240.21,4,4,2,2,18,NEUTRAL,240.21,240.0423,0,0,74.60,0.63,N,0,CHEMBL53418,O=C1c2cccc(O)c2C(=O)c2c(O)cccc21,QBPFLULOKWLNNW-UHFFFAOYSA-N,O=C1c2cccc(O)c2C(=O)c2c(O)cccc21,missing,missing,missing,missing,missing,Safe,1
237,Triparanol,CID6536,CHEMBL187709,FRA;USA,toxic_opthalmic,Small molecule,MOL,False,CHEMBL187709,4.0,,0,0,False,False,False,0,-2,1962,"Cataracts, Alopecia, lchthyosis",France; United States,Dermatological toxicity; Opthalmic toxicity,5.85,3,4.57,6.48,13.31,9.32,438.01,3,3,1,1,31,BASE,438.01,437.2122,1,1,32.70,0.43,N,10,CHEMBL187709,CCN(CC)CCOc1ccc(C(O)(Cc2ccc(Cl)cc2)c2ccc(C)cc2)cc1,SYHDSBBKRLVLFF-UHFFFAOYSA-N,CCN(CC)CCOc1ccc(C(O)(Cc2ccc(Cl)cc2)c2ccc(C)cc2)cc1,missing,missing,missing,missing,missing,Safe,1
238,Thalidomide,CID5426,CHEMBL468,BRA;CAN;DEU;DNK;FIN;VEN,toxic_teratogen,Small molecule,MOL,True,CHEMBL468,4.0,L04AX02,0,0,True,False,False,1,1,,,,,0.09,1,0.02,0.02,11.59,,258.23,4,6,1,1,19,NEUTRAL,258.23,258.0641,0,0,83.55,0.72,N,1,CHEMBL468,O=C1CCC(N2C(=O)c3ccccc3C2=O)C(=O)N1,UEJJHQNACJXSKW-UHFFFAOYSA-N,O=C1CCC(N2C(=O)c3ccccc3C2=O)C(=O)N1,missing,missing,missing,missing,missing,Safe,1
239,Sorivudine,CID5282192,CHEMBL70046,JPN,toxic_hema,Small molecule,MOL,False,CHEMBL70046,4.0,,1,0,False,False,False,0,-2,1993,Drug Interactionwith 5-FU and Deaths,Japan,,-1.49,1,-1.40,-1.40,9.74,,349.14,7,8,4,4,20,NEUTRAL,349.14,347.9957,0,0,124.78,0.53,N,3,CHEMBL70046,O=c1[nH]c(=O)n([C@@H]2O[C@H](CO)[C@@H](O)[C@@H]2O)cc1/C=C/Br,GCQYYIHYQMVWLT-HQNLTJAPSA-N,O=c1[nH]c(=O)n([C@@H]2O[C@H](CO)[C@@H](O)[C@@H]2O)cc1/C=C/Br,missing,missing,missing,missing,missing,Safe,1
240,Thenalidine,CID27901,CHEMBL2105458,AUS;CAN;CYP;FIN;FRA;GBR;NOR;SWE;USA;VEN,toxic_hema,Small molecule,MOL,False,CHEMBL2105458,4.0,R06AX53+D04AA03+R06AX03,2,0,False,False,False,0,-2,1960,Agranulocytosis,United States,Hematological toxicity,3.85,2,2.44,3.75,,8.69,286.44,3,2,0,0,20,BASE,286.44,286.1504,0,0,6.48,0.84,N,4,CHEMBL2105458,CN1CCC(N(Cc2cccs2)c2ccccc2)CC1,KLOHYVOVXOUKQI-UHFFFAOYSA-N,CN1CCC(N(Cc2cccs2)c2ccccc2)CC1,missing,missing,missing,missing,missing,Safe,1
243,Etifoxine,CID30768,CHEMBL2106227,,toxic_hepa,Small molecule,MOL,False,CHEMBL2106227,3.0,N05BX03,0,0,False,False,False,0,,,,,,4.23,2,4.59,4.59,,5.18,300.79,3,3,1,1,21,NEUTRAL,300.79,300.1029,0,0,33.62,0.90,N,2,CHEMBL2106227,CCNC1=Nc2ccc(Cl)cc2C(C)(c2ccccc2)O1,IBYCYJFUEJQSMK-UHFFFAOYSA-N,CCNC1=Nc2ccc(Cl)cc2C(C)(c2ccccc2)O1,ANTAGONIST,True,True,True,CHEMBL2093872,Safe,1
248,Benzydamine Hydrochloride,CID65464,CHEMBL1528134,,toxic_opthalmic,Small molecule,MOL,True,CHEMBL1528134,4.0,,2,0,False,False,False,0,-1,,,,,3.42,3,1.81,3.66,,9.26,345.87,4,4,0,0,23,BASE,309.41,309.1841,0,0,30.29,0.63,N,7,CHEMBL12610,CN(C)CCCOc1nn(Cc2ccccc2)c2ccccc12,CNBGNNVCVSKAQZ-UHFFFAOYSA-N,CN(C)CCCOc1nn(Cc2ccccc2)c2ccccc12.Cl,missing,missing,missing,missing,missing,Safe,1
249,Iodamide,CID3723,CHEMBL1201239,USA,toxic_neuro,Small molecule,MOL,False,CHEMBL1201239,4.0,V08AA03,2,0,False,True,False,0,0,,,,,2.79,1,-0.92,2.60,2.28,,627.94,3,6,3,3,21,ACID,627.94,627.7853,1,1,95.50,0.45,N,4,CHEMBL1201239,CC(=O)NCc1c(I)c(NC(C)=O)c(I)c(C(=O)O)c1I,VVDGWALACJEJKG-UHFFFAOYSA-N,CC(=O)NCc1c(I)c(NC(C)=O)c(I)c(C(=O)O)c1I,missing,missing,missing,missing,missing,Safe,1
